CUSTID,$R-中分類_バッグ06,$RRP-中分類_バッグ06,$R-中分類_インナーウエア05,$RRP-中分類_インナーウエア05,$R-中分類_アクセサリ04,$RRP-中分類_アクセサリ04
100001,F,0.132,F,0.010,F,0.201
100004,F,0.132,F,0.010,F,0.001
100005,F,0.001,F,0.001,T,0.884
100006,F,0.169,F,0.019,F,0.001
100008,F,0.132,F,0.019,F,0.018
100012,F,0.152,F,0.018,F,0.430
100016,F,0.001,F,0.001,F,0.001
100017,F,0.035,F,0.001,F,0.001
100019,F,0.001,F,0.001,T,0.990
100020,F,0.169,F,0.001,F,0.001
100021,F,0.167,F,0.019,F,0.001
100022,F,0.001,F,0.019,F,0.001
100023,F,0.324,F,0.019,F,0.001
100026,F,0.047,F,0.001,F,0.001
100027,F,0.169,F,0.001,F,0.001
100028,F,0.121,F,0.001,F,0.001
100029,F,0.091,F,0.059,F,0.001
100030,F,0.132,F,0.011,F,0.001
100036,F,0.001,F,0.001,F,0.178
100037,F,0.132,F,0.010,F,0.104
100038,F,0.028,F,0.010,T,0.990
100039,F,0.001,F,0.001,F,0.178
100040,F,0.001,F,0.018,F,0.430
100042,F,0.132,F,0.010,F,0.076
100043,F,0.001,F,0.001,F,0.001
100045,F,0.160,F,0.010,F,0.430
100046,F,0.132,F,0.010,F,0.201
100048,F,0.028,F,0.010,F,0.290
100049,F,0.001,F,0.011,F,0.350
100051,F,0.047,F,0.019,F,0.030
100054,F,0.152,F,0.018,F,0.333
100055,F,0.459,F,0.051,T,0.610
100057,F,0.001,F,0.019,T,0.990
100058,F,0.132,F,0.010,T,0.884
100064,F,0.047,F,0.051,F,0.076
100065,F,0.001,F,0.010,F,0.001
100067,F,0.167,F,0.018,F,0.001
100070,F,0.001,F,0.001,F,0.001
100071,F,0.001,F,0.019,F,0.001
100074,F,0.180,F,0.250,T,0.610
100075,F,0.001,F,0.019,F,0.001
100076,F,0.157,F,0.114,T,0.884
100077,F,0.001,F,0.011,F,0.201
100078,F,0.001,F,0.001,F,0.104
100081,F,0.001,F,0.010,F,0.001
100082,F,0.091,F,0.019,F,0.001
100094,F,0.016,F,0.019,F,0.030
100095,F,0.132,F,0.010,F,0.290
100098,F,0.001,F,0.001,F,0.018
100100,F,0.001,F,0.011,F,0.001
100101,F,0.370,F,0.018,F,0.333
100102,F,0.132,F,0.001,F,0.018
100103,F,0.167,F,0.019,F,0.001
100106,F,0.167,F,0.010,F,0.350
100107,F,0.001,F,0.001,F,0.001
100111,F,0.157,F,0.051,F,0.001
100112,F,0.001,F,0.001,F,0.001
100113,F,0.167,F,0.018,F,0.001
100116,F,0.001,F,0.019,F,0.001
100117,F,0.001,F,0.001,F,0.178
100118,F,0.047,F,0.010,F,0.001
100120,F,0.001,F,0.001,F,0.001
100122,F,0.167,F,0.010,F,0.430
100126,F,0.001,F,0.011,T,0.884
100127,T,0.512,F,0.051,F,0.430
100130,F,0.160,F,0.018,F,0.001
100135,F,0.119,F,0.001,F,0.001
100137,F,0.167,F,0.114,F,0.018
100138,F,0.119,F,0.011,F,0.001
100144,F,0.001,F,0.001,F,0.001
100145,F,0.001,F,0.038,F,0.001
100146,F,0.001,F,0.019,T,0.884
100147,F,0.001,F,0.019,F,0.001
100149,F,0.001,F,0.001,F,0.001
100150,F,0.035,F,0.001,F,0.001
100151,F,0.091,F,0.001,F,0.001
100152,F,0.001,F,0.114,F,0.012
100154,F,0.047,F,0.010,F,0.001
100160,F,0.047,F,0.019,F,0.001
100161,F,0.001,F,0.001,F,0.001
100162,F,0.119,F,0.010,F,0.095
100163,F,0.028,F,0.010,F,0.076
100165,T,0.512,F,0.018,T,0.610
100167,F,0.001,F,0.059,F,0.001
100168,F,0.132,F,0.010,F,0.001
100169,F,0.001,F,0.001,F,0.018
100170,F,0.022,F,0.038,F,0.001
100171,F,0.132,F,0.051,F,0.001
100176,F,0.119,F,0.001,F,0.001
100177,F,0.047,F,0.011,F,0.242
100181,F,0.001,F,0.116,F,0.426
100182,F,0.324,F,0.001,F,0.001
100184,T,0.512,F,0.018,T,0.610
100185,F,0.001,F,0.001,F,0.001
100186,F,0.132,F,0.018,F,0.430
100188,F,0.001,F,0.001,F,0.001
100190,F,0.324,F,0.019,F,0.178
100192,F,0.001,F,0.010,T,0.884
100193,F,0.001,F,0.019,F,0.201
100194,F,0.001,F,0.001,F,0.001
100196,F,0.167,F,0.019,F,0.001
100197,F,0.035,F,0.001,F,0.001
100198,F,0.119,F,0.010,F,0.001
100199,F,0.001,F,0.001,F,0.001
100200,F,0.167,F,0.001,F,0.201
100201,F,0.157,F,0.010,F,0.076
100204,F,0.001,F,0.019,F,0.201
100206,F,0.047,F,0.010,F,0.201
100208,F,0.001,F,0.001,F,0.018
100209,F,0.047,F,0.019,F,0.018
100211,F,0.035,F,0.001,F,0.001
100212,F,0.001,F,0.019,F,0.001
100213,F,0.091,F,0.001,F,0.001
100217,F,0.167,F,0.018,F,0.076
100218,F,0.001,F,0.010,F,0.001
100220,F,0.324,F,0.001,F,0.001
100221,F,0.001,F,0.001,F,0.001
100223,F,0.167,F,0.001,F,0.178
100224,F,0.119,F,0.001,F,0.001
100226,F,0.167,F,0.010,T,0.884
100227,F,0.083,F,0.059,F,0.001
100228,F,0.001,F,0.010,F,0.001
100230,F,0.119,F,0.001,F,0.244
100231,F,0.167,F,0.010,F,0.001
100233,F,0.001,F,0.010,F,0.001
100234,F,0.152,F,0.018,F,0.290
100238,F,0.028,F,0.010,F,0.001
100239,F,0.160,F,0.116,F,0.001
100240,F,0.028,F,0.011,F,0.001
100241,F,0.001,F,0.001,F,0.001
100242,F,0.001,F,0.001,F,0.001
100243,F,0.459,F,0.051,F,0.290
100244,F,0.016,F,0.001,F,0.001
100248,F,0.001,F,0.019,F,0.001
100249,F,0.001,F,0.001,F,0.001
100251,F,0.001,F,0.019,F,0.001
100252,F,0.016,F,0.001,F,0.001
100253,F,0.001,F,0.010,F,0.001
100255,F,0.001,F,0.001,F,0.001
100258,F,0.119,F,0.001,F,0.001
100261,F,0.083,F,0.018,F,0.001
100263,F,0.001,F,0.019,F,0.001
100265,F,0.389,F,0.010,F,0.001
100266,F,0.001,F,0.001,F,0.350
100268,F,0.167,F,0.051,F,0.012
100270,F,0.167,F,0.019,T,0.990
100272,F,0.035,F,0.001,F,0.001
100273,F,0.001,F,0.019,F,0.001
100278,F,0.324,F,0.250,F,0.001
100280,F,0.167,F,0.114,F,0.001
100281,F,0.132,F,0.038,F,0.012
100282,F,0.132,F,0.001,F,0.001
100285,F,0.001,F,0.001,F,0.001
100287,F,0.167,F,0.001,F,0.001
100290,F,0.001,F,0.001,F,0.001
100293,F,0.083,F,0.018,F,0.001
100296,F,0.001,F,0.019,F,0.001
100297,F,0.213,F,0.010,F,0.001
100299,F,0.001,F,0.019,F,0.001
100301,F,0.324,F,0.001,F,0.001
100302,F,0.001,F,0.011,F,0.012
100303,T,0.512,F,0.018,F,0.242
100304,F,0.157,F,0.010,F,0.244
100308,F,0.016,F,0.001,F,0.001
100309,F,0.001,F,0.001,F,0.001
100310,F,0.001,F,0.010,F,0.001
100311,F,0.035,F,0.001,F,0.201
100312,F,0.047,F,0.011,F,0.001
100313,F,0.047,F,0.001,F,0.201
100314,F,0.001,F,0.019,F,0.001
100318,F,0.001,F,0.001,F,0.001
100321,F,0.047,F,0.001,F,0.201
100322,F,0.132,F,0.011,F,0.201
100323,F,0.047,F,0.010,F,0.104
100326,F,0.001,F,0.001,F,0.030
100327,F,0.001,F,0.001,F,0.001
100328,F,0.167,F,0.019,F,0.350
100329,F,0.132,F,0.001,F,0.001
100331,F,0.152,F,0.250,F,0.104
100332,F,0.001,F,0.001,F,0.001
100334,F,0.091,F,0.019,F,0.001
100335,F,0.001,F,0.001,F,0.201
100337,F,0.132,F,0.051,F,0.001
100340,F,0.324,F,0.010,F,0.001
100342,F,0.370,F,0.051,F,0.001
100344,F,0.001,F,0.001,F,0.001
100345,F,0.176,F,0.010,T,0.990
100346,F,0.047,F,0.001,T,0.990
100349,F,0.001,F,0.001,F,0.001
100353,F,0.132,F,0.011,F,0.350
100355,F,0.132,F,0.010,F,0.001
100357,F,0.047,F,0.001,F,0.178
100358,F,0.091,F,0.001,F,0.001
100360,F,0.132,F,0.051,F,0.201
100361,F,0.001,F,0.250,F,0.001
100362,F,0.119,F,0.001,F,0.001
100366,F,0.001,F,0.001,F,0.001
100367,F,0.324,F,0.001,F,0.001
100368,F,0.001,F,0.001,F,0.178
100369,F,0.001,F,0.010,F,0.201
100370,F,0.035,F,0.114,F,0.244
100371,F,0.213,F,0.010,F,0.076
100372,F,0.001,F,0.001,F,0.001
100373,F,0.001,F,0.010,F,0.012
100377,F,0.001,F,0.019,F,0.001
100378,F,0.035,F,0.001,F,0.001
100380,F,0.167,F,0.010,T,0.884
100381,F,0.001,F,0.001,F,0.001
100382,F,0.022,F,0.051,F,0.201
100384,F,0.121,F,0.001,F,0.001
100389,F,0.213,F,0.038,T,0.610
100390,F,0.001,F,0.001,F,0.001
100393,F,0.001,F,0.019,F,0.201
100395,F,0.160,F,0.010,F,0.001
100396,F,0.001,F,0.019,F,0.012
100397,F,0.028,F,0.114,F,0.001
100399,F,0.022,F,0.010,F,0.095
100400,F,0.167,F,0.018,F,0.430
100402,F,0.028,F,0.001,F,0.001
100403,F,0.028,F,0.001,F,0.001
100405,F,0.001,F,0.001,F,0.001
100406,F,0.132,F,0.051,F,0.242
100408,F,0.001,F,0.001,F,0.001
100409,F,0.132,F,0.038,T,0.884
100410,F,0.176,F,0.019,F,0.001
100415,F,0.370,F,0.018,F,0.290
100416,F,0.370,F,0.051,F,0.290
100417,F,0.324,F,0.010,F,0.001
100418,F,0.047,F,0.010,F,0.076
100419,F,0.324,F,0.001,F,0.001
100421,F,0.016,F,0.019,F,0.001
100422,F,0.119,F,0.010,F,0.201
100426,F,0.167,F,0.010,F,0.012
100446,F,0.001,F,0.001,F,0.001
100447,F,0.001,F,0.001,F,0.001
100448,F,0.047,F,0.011,F,0.201
100449,F,0.035,F,0.001,F,0.001
100450,F,0.001,F,0.001,F,0.001
100452,F,0.001,F,0.001,F,0.350
100454,F,0.028,F,0.038,T,0.610
100456,F,0.001,F,0.001,F,0.018
100459,F,0.213,F,0.051,T,0.610
100461,F,0.022,F,0.038,F,0.242
100463,F,0.119,F,0.001,F,0.018
100464,F,0.167,F,0.250,F,0.242
100467,F,0.001,F,0.019,F,0.001
100468,F,0.091,F,0.001,F,0.001
100469,F,0.001,F,0.001,F,0.001
100474,F,0.083,F,0.011,F,0.001
100475,F,0.213,F,0.018,F,0.426
100480,F,0.091,F,0.011,F,0.001
100482,F,0.001,F,0.010,F,0.001
100484,F,0.119,F,0.001,F,0.001
100486,F,0.132,F,0.001,F,0.201
100487,F,0.180,F,0.018,T,0.610
100488,F,0.001,F,0.001,F,0.001
100489,F,0.001,F,0.019,F,0.001
100490,F,0.016,F,0.001,F,0.001
100491,F,0.001,F,0.001,F,0.001
100493,F,0.035,F,0.001,F,0.001
100494,F,0.022,F,0.051,F,0.095
100497,F,0.213,F,0.010,F,0.076
100498,F,0.035,F,0.001,F,0.001
100499,F,0.047,F,0.001,F,0.018
100500,F,0.047,F,0.001,F,0.001
100501,F,0.152,F,0.018,T,0.610
100507,F,0.119,F,0.011,F,0.001
100508,F,0.157,F,0.010,F,0.001
100510,F,0.047,F,0.018,F,0.104
100511,F,0.132,F,0.051,F,0.242
100513,F,0.001,F,0.010,F,0.350
100514,F,0.157,F,0.010,F,0.104
100515,F,0.001,F,0.001,F,0.001
100522,F,0.001,F,0.001,F,0.001
100525,F,0.001,F,0.001,F,0.001
100526,F,0.001,F,0.001,F,0.001
100527,F,0.132,F,0.140,F,0.001
100528,F,0.001,F,0.001,F,0.178
100529,F,0.091,F,0.059,F,0.201
100531,F,0.001,F,0.001,F,0.001
100532,F,0.047,F,0.010,T,0.884
100533,F,0.176,F,0.018,F,0.001
100534,F,0.047,F,0.011,F,0.001
100536,F,0.001,F,0.019,F,0.001
100537,F,0.001,F,0.001,F,0.001
100538,F,0.028,F,0.010,F,0.001
100542,F,0.047,F,0.051,F,0.242
100544,F,0.028,F,0.010,T,0.884
100545,F,0.001,F,0.019,T,0.990
100547,F,0.180,F,0.010,F,0.001
100548,F,0.001,F,0.019,F,0.001
100549,F,0.001,F,0.011,F,0.001
100550,F,0.364,F,0.051,F,0.001
100551,F,0.035,F,0.001,T,0.990
100554,F,0.035,F,0.001,F,0.001
100555,F,0.001,F,0.019,F,0.201
100556,F,0.091,F,0.001,F,0.001
100557,F,0.001,F,0.001,F,0.001
100559,F,0.035,F,0.010,F,0.001
100561,F,0.001,F,0.019,F,0.001
100564,F,0.152,F,0.018,F,0.001
100567,F,0.132,F,0.001,F,0.001
100568,F,0.001,F,0.001,F,0.001
100570,F,0.157,F,0.018,F,0.001
100571,F,0.016,F,0.001,F,0.001
100572,F,0.132,F,0.001,F,0.178
100575,F,0.389,F,0.051,T,0.990
100578,F,0.324,F,0.001,F,0.030
100579,F,0.091,F,0.001,F,0.001
100582,F,0.119,F,0.019,F,0.001
100585,F,0.370,F,0.116,F,0.426
100587,F,0.370,F,0.140,T,0.610
100589,F,0.132,F,0.010,T,0.990
100590,F,0.001,F,0.001,F,0.001
100592,F,0.324,F,0.001,F,0.030
100596,F,0.001,F,0.001,F,0.001
100600,F,0.160,F,0.038,F,0.104
100601,F,0.001,F,0.001,F,0.001
100602,F,0.001,F,0.019,F,0.001
100603,F,0.167,F,0.019,F,0.001
100604,F,0.035,F,0.001,F,0.001
100607,F,0.167,F,0.114,F,0.244
100608,F,0.083,F,0.250,F,0.201
100609,F,0.001,F,0.001,F,0.178
100610,F,0.167,F,0.010,F,0.001
100614,F,0.132,F,0.001,F,0.104
100615,F,0.001,F,0.001,F,0.201
100616,F,0.001,F,0.001,F,0.178
100618,F,0.035,F,0.001,F,0.001
100619,F,0.001,F,0.001,F,0.001
100622,F,0.001,F,0.001,F,0.001
100623,F,0.121,F,0.001,F,0.001
100624,F,0.047,F,0.010,F,0.001
100626,F,0.035,F,0.001,F,0.001
100627,F,0.091,F,0.019,T,0.990
100629,F,0.001,F,0.001,F,0.001
100631,F,0.047,F,0.001,F,0.001
100632,F,0.001,F,0.019,F,0.001
100633,F,0.047,F,0.001,F,0.001
100637,F,0.001,F,0.010,F,0.001
100638,F,0.157,F,0.011,F,0.001
100639,F,0.213,F,0.001,F,0.001
100640,F,0.364,F,0.051,F,0.001
100642,F,0.176,F,0.018,F,0.201
100643,F,0.119,F,0.001,F,0.018
100644,F,0.047,F,0.001,F,0.001
100645,F,0.324,F,0.001,F,0.001
100646,F,0.001,F,0.059,F,0.201
100648,F,0.459,F,0.051,F,0.001
100650,F,0.001,F,0.001,F,0.001
100653,F,0.167,F,0.019,F,0.001
100655,F,0.001,F,0.001,F,0.001
100656,F,0.047,F,0.019,F,0.018
100658,F,0.047,F,0.001,F,0.001
100664,F,0.119,F,0.019,F,0.001
100665,F,0.001,F,0.001,F,0.001
100666,F,0.167,F,0.038,F,0.001
100667,F,0.035,F,0.010,F,0.095
100670,F,0.324,F,0.001,F,0.012
100672,F,0.001,F,0.018,T,0.990
100677,F,0.132,F,0.011,F,0.201
100682,F,0.169,F,0.001,F,0.001
100683,F,0.167,F,0.038,F,0.430
100685,F,0.083,F,0.018,T,0.884
100686,F,0.324,F,0.001,F,0.001
100689,F,0.001,F,0.011,F,0.001
100692,F,0.001,F,0.010,F,0.001
100694,F,0.047,F,0.011,F,0.201
100695,F,0.028,F,0.010,T,0.990
100697,F,0.001,F,0.001,T,0.990
100698,F,0.001,F,0.019,F,0.001
100702,F,0.001,F,0.001,F,0.001
100703,F,0.001,F,0.010,F,0.201
100704,F,0.001,F,0.010,F,0.001
100705,F,0.047,F,0.140,F,0.001
100706,F,0.001,F,0.001,F,0.001
100708,F,0.047,F,0.001,F,0.001
100709,F,0.364,F,0.010,F,0.350
100711,F,0.001,F,0.011,F,0.001
100713,F,0.028,F,0.018,F,0.001
100715,F,0.364,F,0.011,F,0.104
100716,F,0.001,F,0.001,F,0.001
100719,F,0.180,F,0.116,F,0.426
100720,F,0.132,F,0.010,F,0.012
100722,F,0.167,F,0.018,F,0.076
100725,F,0.028,F,0.116,F,0.104
100726,F,0.160,F,0.114,F,0.001
100727,F,0.001,F,0.001,F,0.001
100728,F,0.047,F,0.001,F,0.001
100730,F,0.001,F,0.019,F,0.001
100731,F,0.324,F,0.019,F,0.001
100732,F,0.001,F,0.001,F,0.001
100733,F,0.167,F,0.051,F,0.012
100734,F,0.132,F,0.010,F,0.001
100735,F,0.047,F,0.010,F,0.001
100736,F,0.035,F,0.001,F,0.001
100737,F,0.001,F,0.001,F,0.001
100739,F,0.001,F,0.001,F,0.001
100740,F,0.047,F,0.010,F,0.001
100741,F,0.035,F,0.010,F,0.001
100742,F,0.035,F,0.001,F,0.001
100747,F,0.047,F,0.001,F,0.242
100750,F,0.157,F,0.018,F,0.242
100751,F,0.001,F,0.001,F,0.001
100752,F,0.176,F,0.019,F,0.001
100753,F,0.167,F,0.019,F,0.001
100754,F,0.016,F,0.001,F,0.201
100757,F,0.001,F,0.010,F,0.201
100758,F,0.169,F,0.001,F,0.001
100759,F,0.132,F,0.010,F,0.001
100761,F,0.119,F,0.001,F,0.001
100762,F,0.001,F,0.001,F,0.001
100766,F,0.028,F,0.011,F,0.001
100767,F,0.167,F,0.019,F,0.018
100768,F,0.028,F,0.010,F,0.076
100769,F,0.016,F,0.001,F,0.001
100774,F,0.160,F,0.010,F,0.076
100776,F,0.001,F,0.001,F,0.242
100779,F,0.035,F,0.001,F,0.001
100780,F,0.047,F,0.018,F,0.430
100782,F,0.001,F,0.011,F,0.001
100783,F,0.035,F,0.001,F,0.001
100784,F,0.028,F,0.018,F,0.426
100785,F,0.119,F,0.038,F,0.001
100788,F,0.169,F,0.019,F,0.001
100793,F,0.047,F,0.011,F,0.001
100798,F,0.001,F,0.001,F,0.001
100800,F,0.028,F,0.010,T,0.990
100802,F,0.001,F,0.001,F,0.018
100804,F,0.001,F,0.001,F,0.001
100806,F,0.001,F,0.001,F,0.001
100809,F,0.001,F,0.010,F,0.001
100811,F,0.167,F,0.010,F,0.001
100812,F,0.001,F,0.019,F,0.018
100813,F,0.132,F,0.010,F,0.001
100814,F,0.047,F,0.010,F,0.201
100816,F,0.001,F,0.001,F,0.178
100817,F,0.167,F,0.116,F,0.430
100819,F,0.167,F,0.019,F,0.001
100824,F,0.160,F,0.010,T,0.884
100825,F,0.160,F,0.010,F,0.104
100826,F,0.389,F,0.018,F,0.430
100829,F,0.132,F,0.010,F,0.018
100830,F,0.035,F,0.011,F,0.001
100831,F,0.001,F,0.010,F,0.201
100836,F,0.047,F,0.010,F,0.350
100839,F,0.132,F,0.001,F,0.001
100840,F,0.028,F,0.038,F,0.012
100841,F,0.001,F,0.001,F,0.001
100843,F,0.132,F,0.001,F,0.001
100845,F,0.152,F,0.018,T,0.610
100848,F,0.001,F,0.010,F,0.001
100849,F,0.132,F,0.010,F,0.290
100850,F,0.001,F,0.011,F,0.201
100852,F,0.001,F,0.001,F,0.001
100853,F,0.047,F,0.018,T,0.884
100855,F,0.001,F,0.001,F,0.001
100856,F,0.213,F,0.010,F,0.201
100858,F,0.180,F,0.116,F,0.001
100859,F,0.180,F,0.051,T,0.610
100864,F,0.001,F,0.011,F,0.001
100865,F,0.047,F,0.001,F,0.018
100867,F,0.047,F,0.001,F,0.001
100869,F,0.132,F,0.001,F,0.018
100874,F,0.001,F,0.001,F,0.001
100876,F,0.001,F,0.010,F,0.001
100878,F,0.157,F,0.010,F,0.001
100881,F,0.001,F,0.001,F,0.201
100883,F,0.157,F,0.011,F,0.001
100886,F,0.324,F,0.001,F,0.001
100887,F,0.324,F,0.011,F,0.001
100888,F,0.047,F,0.010,F,0.001
100891,F,0.370,F,0.018,T,0.610
100892,F,0.459,F,0.051,F,0.426
100895,F,0.001,F,0.250,F,0.018
100897,F,0.132,F,0.001,F,0.178
100898,F,0.047,F,0.001,F,0.001
100904,F,0.047,F,0.010,F,0.001
100906,F,0.213,F,0.051,T,0.990
100908,F,0.001,F,0.001,F,0.001
100910,F,0.001,F,0.001,T,0.990
100914,F,0.167,F,0.010,F,0.001
100918,F,0.001,F,0.001,F,0.201
100919,F,0.121,F,0.019,F,0.001
100920,F,0.001,F,0.019,F,0.001
100921,F,0.016,F,0.001,F,0.001
100923,F,0.001,F,0.010,F,0.333
100925,F,0.324,F,0.019,F,0.178
100927,F,0.167,F,0.010,F,0.001
100928,F,0.001,F,0.001,F,0.001
100929,T,0.512,F,0.051,F,0.426
100930,F,0.001,F,0.019,F,0.001
100931,F,0.157,F,0.010,F,0.201
100933,F,0.035,F,0.010,F,0.201
100936,F,0.001,F,0.116,F,0.012
100937,F,0.047,F,0.001,F,0.001
100938,F,0.001,F,0.019,F,0.001
100939,F,0.180,F,0.018,F,0.426
100941,F,0.001,F,0.019,F,0.178
100944,F,0.022,F,0.051,F,0.104
100946,F,0.001,F,0.001,F,0.001
100947,F,0.001,F,0.001,F,0.001
100948,F,0.001,F,0.001,F,0.018
100949,F,0.160,F,0.140,F,0.001
100953,F,0.001,F,0.001,F,0.001
100956,F,0.016,F,0.019,F,0.001
100957,F,0.160,F,0.010,F,0.076
100959,F,0.167,F,0.114,F,0.244
100962,F,0.001,F,0.001,T,0.884
100963,F,0.001,F,0.019,F,0.001
100964,F,0.213,F,0.010,F,0.001
100965,F,0.047,F,0.001,F,0.001
100966,F,0.176,F,0.001,F,0.001
100968,F,0.001,F,0.019,F,0.001
100972,F,0.047,F,0.001,T,0.884
100973,F,0.047,F,0.018,F,0.290
100977,F,0.028,F,0.010,F,0.076
100978,F,0.001,F,0.018,F,0.001
100979,F,0.001,F,0.001,F,0.001
100981,F,0.157,F,0.011,F,0.201
100982,F,0.001,F,0.001,F,0.201
100985,F,0.370,F,0.051,T,0.610
100988,F,0.001,F,0.116,F,0.076
100989,F,0.001,F,0.001,F,0.001
100996,F,0.028,F,0.010,T,0.884
100998,F,0.047,F,0.001,F,0.001
101002,F,0.001,F,0.019,F,0.001
101004,F,0.001,F,0.059,F,0.201
101005,F,0.047,F,0.010,F,0.001
101008,F,0.047,F,0.010,F,0.001
101009,F,0.083,F,0.010,T,0.990
101013,F,0.047,F,0.010,F,0.001
101017,F,0.364,F,0.051,F,0.001
101022,F,0.001,F,0.001,F,0.018
101023,F,0.132,F,0.001,T,0.990
101025,F,0.001,F,0.001,F,0.178
101026,F,0.167,F,0.116,F,0.076
101027,F,0.047,F,0.250,F,0.001
101028,F,0.459,F,0.051,F,0.242
101029,F,0.016,F,0.001,F,0.001
101030,F,0.169,F,0.019,F,0.178
101032,F,0.157,F,0.018,F,0.290
101033,F,0.167,F,0.051,F,0.244
101036,F,0.001,F,0.010,T,0.990
101037,F,0.028,F,0.018,F,0.001
101042,F,0.167,F,0.019,F,0.001
101043,F,0.119,F,0.011,F,0.001
101046,F,0.035,F,0.001,F,0.001
101050,F,0.047,F,0.010,F,0.001
101051,F,0.047,F,0.001,F,0.001
101055,F,0.132,F,0.001,F,0.001
101056,F,0.001,F,0.019,F,0.001
101060,F,0.028,F,0.010,F,0.001
101062,F,0.035,F,0.011,F,0.018
101065,F,0.324,F,0.001,F,0.001
101068,F,0.167,F,0.019,F,0.018
101069,F,0.001,F,0.001,F,0.001
101070,F,0.001,F,0.001,F,0.001
101073,F,0.324,F,0.011,F,0.001
101074,F,0.035,F,0.011,F,0.001
101076,F,0.132,F,0.010,F,0.001
101077,F,0.001,F,0.019,F,0.201
101078,F,0.001,F,0.001,F,0.001
101081,F,0.022,F,0.114,F,0.244
101083,F,0.047,F,0.001,F,0.001
101084,F,0.035,F,0.001,F,0.001
101085,F,0.001,F,0.001,F,0.001
101086,F,0.001,F,0.001,F,0.001
101087,F,0.364,F,0.010,F,0.001
101090,F,0.001,F,0.038,F,0.350
101094,F,0.132,F,0.011,F,0.104
101095,F,0.001,F,0.019,F,0.001
101098,F,0.001,F,0.011,F,0.001
101099,F,0.047,F,0.038,F,0.076
101100,F,0.121,F,0.001,F,0.001
101103,F,0.001,F,0.001,F,0.012
101104,F,0.176,F,0.011,T,0.884
101105,F,0.001,F,0.018,F,0.290
101108,F,0.001,F,0.010,F,0.201
101109,F,0.001,F,0.019,F,0.001
101110,F,0.083,F,0.018,F,0.426
101111,F,0.132,F,0.001,F,0.001
101116,F,0.121,F,0.019,F,0.076
101117,F,0.001,F,0.001,F,0.001
101120,F,0.324,F,0.001,F,0.001
101121,F,0.157,F,0.011,F,0.076
101122,F,0.169,F,0.019,F,0.001
101128,F,0.035,F,0.001,F,0.001
101129,F,0.213,F,0.018,F,0.001
101130,F,0.001,F,0.019,F,0.001
101133,F,0.001,F,0.019,F,0.001
101135,F,0.047,F,0.010,F,0.001
101136,F,0.180,F,0.018,T,0.610
101137,F,0.132,F,0.010,F,0.001
101139,F,0.001,F,0.011,F,0.001
101140,F,0.001,F,0.001,F,0.001
101141,F,0.001,F,0.001,F,0.001
101145,F,0.001,F,0.019,F,0.201
101146,F,0.001,F,0.019,F,0.001
101147,F,0.121,F,0.001,F,0.001
101148,F,0.047,F,0.001,F,0.001
101152,F,0.001,F,0.019,T,0.990
101153,F,0.324,F,0.001,F,0.001
101154,F,0.028,F,0.010,T,0.990
101155,F,0.167,F,0.001,F,0.012
101157,F,0.167,F,0.051,F,0.012
101160,F,0.022,F,0.051,F,0.001
101163,F,0.167,F,0.018,F,0.290
101164,F,0.324,F,0.001,F,0.178
101165,F,0.001,F,0.019,F,0.001
101166,F,0.001,F,0.001,F,0.012
101167,F,0.370,F,0.018,F,0.001
101168,F,0.001,F,0.010,F,0.001
101169,F,0.160,F,0.011,F,0.201
101171,F,0.022,F,0.051,F,0.350
101174,F,0.091,F,0.019,F,0.012
101175,F,0.157,F,0.010,F,0.001
101176,F,0.001,F,0.010,F,0.012
101177,F,0.132,F,0.010,F,0.001
101178,F,0.132,F,0.001,F,0.001
101179,F,0.001,F,0.010,F,0.290
101180,F,0.016,F,0.001,F,0.001
101183,F,0.364,F,0.018,F,0.201
101185,F,0.001,F,0.019,F,0.001
101187,F,0.001,F,0.001,F,0.001
101188,F,0.324,F,0.001,F,0.001
101192,F,0.047,F,0.001,F,0.001
101194,F,0.167,F,0.010,F,0.244
101195,F,0.001,F,0.001,F,0.001
101196,F,0.132,F,0.019,F,0.001
101197,F,0.001,F,0.019,F,0.001
101199,F,0.001,F,0.001,F,0.001
101200,F,0.047,F,0.019,F,0.030
101202,F,0.035,F,0.001,F,0.201
101204,F,0.001,F,0.001,F,0.001
101206,F,0.047,F,0.010,F,0.350
101208,F,0.001,F,0.001,F,0.001
101209,F,0.324,F,0.001,F,0.001
101210,F,0.157,F,0.010,F,0.001
101211,F,0.022,F,0.038,F,0.001
101212,F,0.167,F,0.051,F,0.430
101213,F,0.132,F,0.011,F,0.012
101214,F,0.047,F,0.011,F,0.001
101215,F,0.001,F,0.010,F,0.001
101216,F,0.167,F,0.038,T,0.990
101218,F,0.001,F,0.001,F,0.001
101219,F,0.001,F,0.001,F,0.001
101220,F,0.169,F,0.001,T,0.990
101221,F,0.001,F,0.001,F,0.001
101222,F,0.001,F,0.010,F,0.201
101224,F,0.213,F,0.010,F,0.001
101225,F,0.047,F,0.010,F,0.076
101229,F,0.169,F,0.010,F,0.001
101230,F,0.001,F,0.114,F,0.001
101232,F,0.001,F,0.001,F,0.001
101237,F,0.091,F,0.001,F,0.001
101240,F,0.035,F,0.010,F,0.001
101241,F,0.001,F,0.019,F,0.001
101242,F,0.047,F,0.010,F,0.001
101244,F,0.169,F,0.001,F,0.001
101246,F,0.370,F,0.011,F,0.290
101247,F,0.001,F,0.010,F,0.001
101250,F,0.001,F,0.001,F,0.018
101256,F,0.121,F,0.001,F,0.104
101257,F,0.324,F,0.001,F,0.001
101258,F,0.001,F,0.001,F,0.001
101260,F,0.132,F,0.011,F,0.104
101261,F,0.167,F,0.001,F,0.018
101263,T,0.512,F,0.116,T,0.610
101264,F,0.370,F,0.051,T,0.610
101265,F,0.459,F,0.051,F,0.430
101266,F,0.083,F,0.018,F,0.290
101271,F,0.167,F,0.114,F,0.001
101273,F,0.167,F,0.018,F,0.290
101275,F,0.169,F,0.010,F,0.001
101276,F,0.047,F,0.010,F,0.001
101277,F,0.001,F,0.019,F,0.001
101278,F,0.001,F,0.001,F,0.001
101279,F,0.001,F,0.019,T,0.884
101281,F,0.016,F,0.001,F,0.001
101282,F,0.001,F,0.010,F,0.076
101283,F,0.001,F,0.059,F,0.001
101285,F,0.001,F,0.019,F,0.001
101287,F,0.001,F,0.001,F,0.018
101289,F,0.132,F,0.250,F,0.076
101293,F,0.180,F,0.018,F,0.290
101301,F,0.022,F,0.010,F,0.001
101303,F,0.047,F,0.001,F,0.001
101304,F,0.091,F,0.019,F,0.001
101306,T,0.512,F,0.051,F,0.076
101307,F,0.167,F,0.010,T,0.990
101309,F,0.167,F,0.018,F,0.244
101310,F,0.157,F,0.011,F,0.001
101312,F,0.389,F,0.010,F,0.242
101313,F,0.001,F,0.011,F,0.001
101314,F,0.213,F,0.001,F,0.001
101316,F,0.001,F,0.018,F,0.242
101317,F,0.001,F,0.019,F,0.001
101323,F,0.132,F,0.001,F,0.001
101324,F,0.028,F,0.010,F,0.012
101325,F,0.001,F,0.001,F,0.104
101327,F,0.167,F,0.019,F,0.018
101328,F,0.132,F,0.051,F,0.430
101330,F,0.001,F,0.001,F,0.001
101340,F,0.001,F,0.001,F,0.001
101342,F,0.001,F,0.001,F,0.001
101346,F,0.047,F,0.019,F,0.001
101349,F,0.001,F,0.010,F,0.001
101350,F,0.324,F,0.001,F,0.001
101354,F,0.389,F,0.051,F,0.001
101355,F,0.119,F,0.001,T,0.990
101359,F,0.119,F,0.001,F,0.001
101361,F,0.370,F,0.018,F,0.001
101363,F,0.001,F,0.011,F,0.001
101365,F,0.152,F,0.018,F,0.290
101373,F,0.001,F,0.010,F,0.001
101375,F,0.047,F,0.051,F,0.076
101377,F,0.167,F,0.010,F,0.350
101380,F,0.083,F,0.018,F,0.001
101382,F,0.160,F,0.010,F,0.001
101384,F,0.001,F,0.018,F,0.290
101385,F,0.001,F,0.001,F,0.001
101386,F,0.132,F,0.010,F,0.001
101389,F,0.370,F,0.018,F,0.333
101390,F,0.001,F,0.011,F,0.001
101392,F,0.022,F,0.116,F,0.430
101395,F,0.001,F,0.019,F,0.001
101398,F,0.001,F,0.001,F,0.001
101399,F,0.001,F,0.018,F,0.290
101400,F,0.001,F,0.010,F,0.201
101401,F,0.028,F,0.018,F,0.333
101403,F,0.180,F,0.051,T,0.610
101405,F,0.160,F,0.114,F,0.095
101406,F,0.083,F,0.001,F,0.104
101407,F,0.001,F,0.001,F,0.001
101408,F,0.028,F,0.038,F,0.001
101412,F,0.047,F,0.001,F,0.030
101415,F,0.083,F,0.010,F,0.001
101419,F,0.091,F,0.019,F,0.012
101422,F,0.001,F,0.001,F,0.001
101423,F,0.001,F,0.001,F,0.001
101425,F,0.169,F,0.001,F,0.001
101427,F,0.459,F,0.051,T,0.610
101429,F,0.001,F,0.019,F,0.001
101430,F,0.459,F,0.051,F,0.242
101433,F,0.119,F,0.010,F,0.012
101435,F,0.083,F,0.114,F,0.076
101436,F,0.167,F,0.116,F,0.201
101438,F,0.001,F,0.001,F,0.018
101443,F,0.028,F,0.019,F,0.001
101446,F,0.028,F,0.001,F,0.001
101448,F,0.001,F,0.001,F,0.001
101449,F,0.028,F,0.114,F,0.001
101450,F,0.001,F,0.114,F,0.001
101451,F,0.132,F,0.001,F,0.001
101454,F,0.213,F,0.018,F,0.290
101455,F,0.157,F,0.038,F,0.350
101456,F,0.001,F,0.001,F,0.201
101457,F,0.001,F,0.001,F,0.018
101460,F,0.001,F,0.001,F,0.001
101461,F,0.047,F,0.001,T,0.884
101464,F,0.389,F,0.018,F,0.242
101465,F,0.083,F,0.038,F,0.201
101471,F,0.091,F,0.010,F,0.001
101473,F,0.001,F,0.001,F,0.001
101475,F,0.028,F,0.010,F,0.001
101478,F,0.047,F,0.018,F,0.001
101479,F,0.001,F,0.001,F,0.001
101480,F,0.001,F,0.010,F,0.350
101481,F,0.028,F,0.018,F,0.001
101482,F,0.180,F,0.051,F,0.426
101483,F,0.016,F,0.001,F,0.001
101485,F,0.001,F,0.010,F,0.001
101487,F,0.001,F,0.010,F,0.030
101490,F,0.169,F,0.001,F,0.001
101493,F,0.167,F,0.010,F,0.001
101495,F,0.167,F,0.019,F,0.178
101500,F,0.180,F,0.018,T,0.610
101501,F,0.028,F,0.018,F,0.333
101502,F,0.001,F,0.011,F,0.001
101503,F,0.001,F,0.001,T,0.884
101511,F,0.028,F,0.018,F,0.001
101516,F,0.370,F,0.018,T,0.610
101517,F,0.389,F,0.018,F,0.242
101519,F,0.160,F,0.010,F,0.095
101520,F,0.001,F,0.001,F,0.001
101521,F,0.001,F,0.019,F,0.001
101522,F,0.083,F,0.011,F,0.290
101524,F,0.001,F,0.019,F,0.001
101528,F,0.001,F,0.001,F,0.001
101529,F,0.028,F,0.011,T,0.990
101530,F,0.167,F,0.051,F,0.244
101532,F,0.001,F,0.019,F,0.030
101533,F,0.001,F,0.019,F,0.001
101534,F,0.132,F,0.010,F,0.095
101536,F,0.167,F,0.001,F,0.001
101539,F,0.132,F,0.019,F,0.201
101541,F,0.001,F,0.019,F,0.178
101542,F,0.169,F,0.001,F,0.001
101543,F,0.001,F,0.019,F,0.001
101545,F,0.324,F,0.001,F,0.001
101547,F,0.157,F,0.010,F,0.076
101548,F,0.169,F,0.001,T,0.990
101554,F,0.001,F,0.001,F,0.001
101556,F,0.022,F,0.038,F,0.350
101558,F,0.035,F,0.001,F,0.001
101559,F,0.152,F,0.018,F,0.333
101560,F,0.324,F,0.001,F,0.001
101562,F,0.180,F,0.051,T,0.610
101563,F,0.047,F,0.019,F,0.001
101564,F,0.035,F,0.001,F,0.001
101565,F,0.001,F,0.116,F,0.426
101566,F,0.167,F,0.019,F,0.001
101568,F,0.167,F,0.010,F,0.076
101570,F,0.047,F,0.011,F,0.350
101571,F,0.001,F,0.001,F,0.030
101573,F,0.001,F,0.019,F,0.001
101574,F,0.001,F,0.001,F,0.001
101579,F,0.001,F,0.010,F,0.001
101582,F,0.028,F,0.019,F,0.001
101584,F,0.157,F,0.010,F,0.001
101585,F,0.001,F,0.001,F,0.001
101586,F,0.047,F,0.001,F,0.001
101587,F,0.001,F,0.010,F,0.001
101590,F,0.047,F,0.001,F,0.201
101591,F,0.022,F,0.051,F,0.001
101592,F,0.001,F,0.114,F,0.001
101598,F,0.001,F,0.010,F,0.244
101599,F,0.001,F,0.010,F,0.333
101601,F,0.001,F,0.001,F,0.001
101603,F,0.047,F,0.010,F,0.201
101606,F,0.389,F,0.051,F,0.350
101607,F,0.169,F,0.019,F,0.001
101608,F,0.160,F,0.010,F,0.244
101609,F,0.001,F,0.010,F,0.001
101612,F,0.001,F,0.010,F,0.350
101616,F,0.047,F,0.001,F,0.001
101618,F,0.157,F,0.018,T,0.884
101620,F,0.001,F,0.019,F,0.001
101622,F,0.091,F,0.019,F,0.201
101623,F,0.001,F,0.001,F,0.001
101624,F,0.028,F,0.010,F,0.201
101625,F,0.459,F,0.051,F,0.001
101626,F,0.370,F,0.051,T,0.610
101628,F,0.157,F,0.010,F,0.333
101629,F,0.132,F,0.019,F,0.001
101630,F,0.001,F,0.001,F,0.001
101631,F,0.121,F,0.001,F,0.001
101632,F,0.001,F,0.001,F,0.201
101633,F,0.364,F,0.018,F,0.001
101634,F,0.157,F,0.010,F,0.001
101636,F,0.047,F,0.250,F,0.012
101637,F,0.001,F,0.001,F,0.001
101638,F,0.167,F,0.001,F,0.001
101639,F,0.016,F,0.001,F,0.001
101641,F,0.001,F,0.001,F,0.001
101646,F,0.035,F,0.001,F,0.095
101647,F,0.132,F,0.001,F,0.001
101649,F,0.083,F,0.010,F,0.244
101650,F,0.083,F,0.059,F,0.001
101657,F,0.167,F,0.114,F,0.001
101659,F,0.028,F,0.019,F,0.001
101664,F,0.091,F,0.019,F,0.178
101666,F,0.119,F,0.001,F,0.001
101667,F,0.047,F,0.011,F,0.001
101669,F,0.324,F,0.059,F,0.001
101670,F,0.001,F,0.114,F,0.018
101673,F,0.028,F,0.011,F,0.001
101675,F,0.176,F,0.019,F,0.178
101677,F,0.132,F,0.019,F,0.001
101679,F,0.016,F,0.019,F,0.001
101680,F,0.132,F,0.011,F,0.104
101681,F,0.028,F,0.001,F,0.001
101682,F,0.001,F,0.001,F,0.001
101685,F,0.001,F,0.019,F,0.001
101687,F,0.180,F,0.051,T,0.610
101688,F,0.119,F,0.011,F,0.001
101691,F,0.132,F,0.018,F,0.242
101692,F,0.169,F,0.001,F,0.001
101695,F,0.001,F,0.001,F,0.018
101696,F,0.180,F,0.038,T,0.610
101699,F,0.180,F,0.038,F,0.426
101700,F,0.091,F,0.001,F,0.030
101701,F,0.213,F,0.038,F,0.076
101702,F,0.001,F,0.001,F,0.001
101711,F,0.001,F,0.011,F,0.076
101713,F,0.016,F,0.001,F,0.001
101714,F,0.001,F,0.001,F,0.001
101718,F,0.001,F,0.001,F,0.001
101719,F,0.180,F,0.250,F,0.290
101723,F,0.169,F,0.019,F,0.001
101726,F,0.167,F,0.114,F,0.001
101730,F,0.180,F,0.018,F,0.333
101731,F,0.152,F,0.018,T,0.610
101733,F,0.001,F,0.001,F,0.350
101734,F,0.119,F,0.001,F,0.001
101735,F,0.001,F,0.001,F,0.001
101737,F,0.001,F,0.001,F,0.018
101740,F,0.022,F,0.038,F,0.350
101741,F,0.091,F,0.001,F,0.001
101742,F,0.001,F,0.059,T,0.884
101743,F,0.119,F,0.001,F,0.001
101748,F,0.167,F,0.010,T,0.884
101751,F,0.083,F,0.001,F,0.001
101753,F,0.047,F,0.001,F,0.104
101755,F,0.001,F,0.010,F,0.001
101761,F,0.167,F,0.114,F,0.001
101762,F,0.324,F,0.001,F,0.001
101763,F,0.001,F,0.001,F,0.001
101764,F,0.047,F,0.001,F,0.001
101768,F,0.001,F,0.011,F,0.001
101770,F,0.047,F,0.140,F,0.001
101773,F,0.001,F,0.001,F,0.001
101774,F,0.001,F,0.001,F,0.001
101776,F,0.001,F,0.010,F,0.001
101779,F,0.119,F,0.019,F,0.001
101780,F,0.180,F,0.010,F,0.290
101781,F,0.180,F,0.116,F,0.426
101783,F,0.132,F,0.001,F,0.001
101786,F,0.167,F,0.010,F,0.076
101789,F,0.119,F,0.010,F,0.001
101792,F,0.132,F,0.010,F,0.104
101793,F,0.001,F,0.010,F,0.104
101794,F,0.047,F,0.001,F,0.104
101797,F,0.001,F,0.019,F,0.001
101798,F,0.167,F,0.018,F,0.430
101803,F,0.167,F,0.051,F,0.430
101805,F,0.132,F,0.059,F,0.001
101810,F,0.001,F,0.001,T,0.884
101814,F,0.119,F,0.019,F,0.001
101816,F,0.047,F,0.011,F,0.001
101818,F,0.035,F,0.001,F,0.001
101820,F,0.157,F,0.010,F,0.001
101824,F,0.132,F,0.019,F,0.001
101825,F,0.119,F,0.001,F,0.001
101827,F,0.132,F,0.010,F,0.001
101829,F,0.119,F,0.001,F,0.001
101830,F,0.001,F,0.001,F,0.012
101831,F,0.001,F,0.019,F,0.018
101834,F,0.047,F,0.001,F,0.001
101836,F,0.167,F,0.051,F,0.001
101839,F,0.001,F,0.018,F,0.350
101841,F,0.121,F,0.001,F,0.095
101844,F,0.083,F,0.001,F,0.001
101846,F,0.001,F,0.019,F,0.001
101848,F,0.028,F,0.018,F,0.001
101850,F,0.152,F,0.018,F,0.290
101852,F,0.324,F,0.019,F,0.001
101853,F,0.324,F,0.019,T,0.990
101854,F,0.176,F,0.038,F,0.001
101855,F,0.167,F,0.018,F,0.244
101860,F,0.001,F,0.001,F,0.104
101862,F,0.001,F,0.001,F,0.001
101867,F,0.028,F,0.001,F,0.001
101870,F,0.001,F,0.001,F,0.001
101883,F,0.119,F,0.019,F,0.001
101884,F,0.324,F,0.001,F,0.001
101885,F,0.324,F,0.001,F,0.001
101888,F,0.047,F,0.010,F,0.012
101889,F,0.001,F,0.001,F,0.001
101890,F,0.132,F,0.010,T,0.990
101891,F,0.324,F,0.001,F,0.001
101892,F,0.167,F,0.018,F,0.430
101893,F,0.001,F,0.001,F,0.001
101897,F,0.001,F,0.001,F,0.001
101898,F,0.001,F,0.001,F,0.001
101899,F,0.016,F,0.001,F,0.001
101900,F,0.001,F,0.001,F,0.001
101901,F,0.001,F,0.001,F,0.001
101902,F,0.160,F,0.018,F,0.001
101904,F,0.001,F,0.001,F,0.001
101908,F,0.001,F,0.011,F,0.001
101912,F,0.083,F,0.010,F,0.001
101913,F,0.119,F,0.001,F,0.001
101916,F,0.160,F,0.018,F,0.350
101918,F,0.157,F,0.010,F,0.001
101920,F,0.169,F,0.019,F,0.001
101921,F,0.083,F,0.010,F,0.104
101924,F,0.001,F,0.010,F,0.001
101925,F,0.132,F,0.010,F,0.104
101929,F,0.083,F,0.010,T,0.884
101930,F,0.001,F,0.011,F,0.001
101934,F,0.001,F,0.010,F,0.001
101935,F,0.016,F,0.001,F,0.001
101936,F,0.119,F,0.001,F,0.001
101937,F,0.370,F,0.018,T,0.990
101938,F,0.001,F,0.001,F,0.001
101939,F,0.047,F,0.001,F,0.001
101940,F,0.001,F,0.011,F,0.001
101942,F,0.001,F,0.001,F,0.001
101943,F,0.091,F,0.001,F,0.001
101944,F,0.001,F,0.001,F,0.001
101945,F,0.001,F,0.019,F,0.001
101954,F,0.324,F,0.001,F,0.001
101958,F,0.001,F,0.019,F,0.076
101959,F,0.119,F,0.001,F,0.001
101962,F,0.001,F,0.019,F,0.001
101963,F,0.001,F,0.019,F,0.001
101964,F,0.001,F,0.001,F,0.001
101965,F,0.001,F,0.001,F,0.201
101967,F,0.157,F,0.010,F,0.001
101968,F,0.001,F,0.019,F,0.001
101970,F,0.119,F,0.010,F,0.001
101973,F,0.016,F,0.001,F,0.001
101975,F,0.132,F,0.010,F,0.001
101976,F,0.001,F,0.010,F,0.001
101980,T,0.512,F,0.051,F,0.104
101982,F,0.132,F,0.019,T,0.990
101985,F,0.167,F,0.051,F,0.001
101988,F,0.028,F,0.018,F,0.242
101990,F,0.001,F,0.001,F,0.001
101992,F,0.022,F,0.011,F,0.001
101995,F,0.001,F,0.001,F,0.001
101997,F,0.167,F,0.114,F,0.430
101998,F,0.132,F,0.010,F,0.076
101999,F,0.180,F,0.018,F,0.290
102001,F,0.047,F,0.010,F,0.001
102003,F,0.389,F,0.051,T,0.884
102004,F,0.001,F,0.001,F,0.001
102005,F,0.119,F,0.001,F,0.001
102010,F,0.176,F,0.019,F,0.001
102011,F,0.016,F,0.001,F,0.104
102012,F,0.001,F,0.001,F,0.001
102015,F,0.167,F,0.010,F,0.001
102018,F,0.001,F,0.011,F,0.001
102021,F,0.028,F,0.010,F,0.104
102023,F,0.001,F,0.001,F,0.001
102024,F,0.001,F,0.019,F,0.018
102027,F,0.001,F,0.001,F,0.001
102029,F,0.047,F,0.010,T,0.884
102030,F,0.160,F,0.140,F,0.001
102034,F,0.047,F,0.001,F,0.001
102038,F,0.121,F,0.001,F,0.001
102039,F,0.047,F,0.051,F,0.001
102041,F,0.167,F,0.250,F,0.001
102045,F,0.370,F,0.116,T,0.610
102049,F,0.001,F,0.001,F,0.001
102051,F,0.001,F,0.001,F,0.001
102052,F,0.160,F,0.010,F,0.244
102063,F,0.132,F,0.010,F,0.001
102064,F,0.028,F,0.010,F,0.001
102065,F,0.132,F,0.018,F,0.350
102066,F,0.001,F,0.010,F,0.001
102068,F,0.001,F,0.001,F,0.001
102071,F,0.001,F,0.001,F,0.001
102078,F,0.001,F,0.001,F,0.001
102082,F,0.016,F,0.001,F,0.001
102083,F,0.047,F,0.018,F,0.104
102085,F,0.047,F,0.001,F,0.018
102086,F,0.047,F,0.001,F,0.001
102090,F,0.167,F,0.010,F,0.095
102091,F,0.132,F,0.010,F,0.001
102095,F,0.001,F,0.019,F,0.001
102098,F,0.167,F,0.010,F,0.242
102103,F,0.047,F,0.250,F,0.201
102105,F,0.001,F,0.001,F,0.001
102109,F,0.083,F,0.018,F,0.350
102110,F,0.001,F,0.001,F,0.001
102112,F,0.180,F,0.116,F,0.426
102117,F,0.364,F,0.038,F,0.242
102119,F,0.083,F,0.038,F,0.426
102122,F,0.001,F,0.010,F,0.001
102123,F,0.213,F,0.001,F,0.001
102126,F,0.132,F,0.010,F,0.201
102129,F,0.167,F,0.001,F,0.001
102130,F,0.001,F,0.001,F,0.201
102131,F,0.047,F,0.011,F,0.001
102135,F,0.047,F,0.010,F,0.201
102136,F,0.119,F,0.010,F,0.001
102138,F,0.119,F,0.019,F,0.018
102140,F,0.160,F,0.010,F,0.076
102143,F,0.001,F,0.001,F,0.001
102144,F,0.016,F,0.001,F,0.001
102145,F,0.047,F,0.140,F,0.001
102146,F,0.160,F,0.010,T,0.990
102148,F,0.047,F,0.019,F,0.018
102149,F,0.035,F,0.001,F,0.001
102155,F,0.180,F,0.018,T,0.610
102157,T,0.512,F,0.018,F,0.430
102163,F,0.119,F,0.011,F,0.001
102164,F,0.001,F,0.001,F,0.001
102165,F,0.028,F,0.010,F,0.350
102166,F,0.389,F,0.140,F,0.244
102167,F,0.001,F,0.001,F,0.001
102168,F,0.157,F,0.010,F,0.350
102172,F,0.167,F,0.019,F,0.001
102175,F,0.001,F,0.010,F,0.242
102177,F,0.016,F,0.019,F,0.001
102179,F,0.001,F,0.001,F,0.001
102180,F,0.001,F,0.018,F,0.430
102181,F,0.001,F,0.019,F,0.001
102184,F,0.028,F,0.010,F,0.001
102187,F,0.160,F,0.010,F,0.201
102188,F,0.119,F,0.001,F,0.001
102189,F,0.001,F,0.001,F,0.001
102190,F,0.001,F,0.001,F,0.001
102196,F,0.001,F,0.001,F,0.001
102197,F,0.001,F,0.001,F,0.001
102198,F,0.132,F,0.001,F,0.001
102199,F,0.001,F,0.019,F,0.018
102207,F,0.364,F,0.010,F,0.201
102208,F,0.119,F,0.001,F,0.001
102211,F,0.091,F,0.019,F,0.001
102212,F,0.001,F,0.019,F,0.001
102213,F,0.176,F,0.001,F,0.001
102215,F,0.001,F,0.140,F,0.012
102217,F,0.459,F,0.051,F,0.001
102218,F,0.001,F,0.001,F,0.178
102219,F,0.001,F,0.001,F,0.001
102222,F,0.001,F,0.001,F,0.001
102223,F,0.132,F,0.011,F,0.001
102226,F,0.016,F,0.001,F,0.001
102229,F,0.324,F,0.019,F,0.001
102230,F,0.001,F,0.001,F,0.001
102233,F,0.001,F,0.001,F,0.001
102235,F,0.167,F,0.001,F,0.001
102236,F,0.167,F,0.051,F,0.244
102239,F,0.001,F,0.019,F,0.104
102241,F,0.001,F,0.001,F,0.001
102242,F,0.047,F,0.010,F,0.104
102245,F,0.389,F,0.018,F,0.290
102247,F,0.119,F,0.001,F,0.001
102248,F,0.119,F,0.001,F,0.001
102250,F,0.001,F,0.019,F,0.001
102253,F,0.001,F,0.001,T,0.990
102256,F,0.213,F,0.018,F,0.333
102259,F,0.001,F,0.001,F,0.001
102261,F,0.028,F,0.010,F,0.242
102262,F,0.001,F,0.010,F,0.001
102266,F,0.001,F,0.011,F,0.201
102267,F,0.001,F,0.001,F,0.001
102268,F,0.001,F,0.001,F,0.001
102270,F,0.001,F,0.001,F,0.201
102279,T,0.512,F,0.018,F,0.426
102284,F,0.132,F,0.011,T,0.884
102285,F,0.001,F,0.019,F,0.001
102287,F,0.022,F,0.051,F,0.001
102288,F,0.083,F,0.018,F,0.290
102290,F,0.001,F,0.001,F,0.001
102291,F,0.389,F,0.010,F,0.001
102292,F,0.047,F,0.019,F,0.001
102295,F,0.157,F,0.010,F,0.201
102297,F,0.160,F,0.010,F,0.350
102298,F,0.001,F,0.019,F,0.012
102299,F,0.047,F,0.001,F,0.001
102300,F,0.324,F,0.019,F,0.018
102302,F,0.001,F,0.019,F,0.001
102303,F,0.160,F,0.114,F,0.350
102304,F,0.167,F,0.019,F,0.001
102306,F,0.160,F,0.010,F,0.001
102307,F,0.091,F,0.001,F,0.001
102308,F,0.167,F,0.114,T,0.990
102310,F,0.047,F,0.011,F,0.001
102314,F,0.180,F,0.038,F,0.426
102315,F,0.091,F,0.010,F,0.001
102316,F,0.001,F,0.001,F,0.001
102317,F,0.001,F,0.019,F,0.001
102318,F,0.001,F,0.019,F,0.001
102319,F,0.119,F,0.001,F,0.018
102320,F,0.169,F,0.019,F,0.001
102321,F,0.001,F,0.001,F,0.001
102325,F,0.001,F,0.019,F,0.001
102326,F,0.160,F,0.010,F,0.095
102327,F,0.167,F,0.001,T,0.884
102329,F,0.001,F,0.001,F,0.001
102331,F,0.028,F,0.011,F,0.001
102333,F,0.001,F,0.019,F,0.018
102334,F,0.047,F,0.019,F,0.104
102336,F,0.176,F,0.011,F,0.001
102337,F,0.167,F,0.018,F,0.430
102339,F,0.001,F,0.010,F,0.201
102340,F,0.001,F,0.010,F,0.001
102341,F,0.047,F,0.019,F,0.018
102345,F,0.035,F,0.001,T,0.884
102348,F,0.047,F,0.019,F,0.030
102351,F,0.176,F,0.010,F,0.104
102352,F,0.001,F,0.019,F,0.001
102354,F,0.001,F,0.019,F,0.201
102361,F,0.083,F,0.001,F,0.001
102362,F,0.047,F,0.001,F,0.001
102363,F,0.180,F,0.010,F,0.001
102364,F,0.016,F,0.001,F,0.001
102367,F,0.001,F,0.001,F,0.001
102368,F,0.119,F,0.001,F,0.076
102369,F,0.001,F,0.019,T,0.990
102371,T,0.512,F,0.051,F,0.426
102372,F,0.022,F,0.051,T,0.610
102374,F,0.180,F,0.051,T,0.610
102375,F,0.001,F,0.001,F,0.001
102376,F,0.001,F,0.001,F,0.001
102377,F,0.001,F,0.001,F,0.178
102379,F,0.132,F,0.001,F,0.001
102380,F,0.047,F,0.010,F,0.350
102381,F,0.028,F,0.001,F,0.076
102382,F,0.016,F,0.001,F,0.001
102385,F,0.001,F,0.001,F,0.001
102388,F,0.180,F,0.038,T,0.610
102389,F,0.028,F,0.018,F,0.426
102390,F,0.324,F,0.001,F,0.001
102391,F,0.160,F,0.018,F,0.290
102392,F,0.132,F,0.010,F,0.350
102393,F,0.083,F,0.018,F,0.430
102395,F,0.047,F,0.001,F,0.201
102397,F,0.180,F,0.116,F,0.333
102398,F,0.167,F,0.001,F,0.018
102400,F,0.016,F,0.001,F,0.001
102402,F,0.001,F,0.001,F,0.001
102405,F,0.091,F,0.001,F,0.001
102407,F,0.001,F,0.019,F,0.001
102408,F,0.001,F,0.010,F,0.001
102409,F,0.047,F,0.001,F,0.001
102410,F,0.132,F,0.018,F,0.001
102411,F,0.035,F,0.001,F,0.001
102412,F,0.167,F,0.010,F,0.001
102414,F,0.091,F,0.001,T,0.990
102417,F,0.180,F,0.116,F,0.001
102419,F,0.167,F,0.001,F,0.001
102420,F,0.180,F,0.018,T,0.990
102422,F,0.132,F,0.018,F,0.095
102424,F,0.169,F,0.001,F,0.001
102426,F,0.091,F,0.001,F,0.030
102427,F,0.001,F,0.001,F,0.001
102430,F,0.016,F,0.019,F,0.001
102433,F,0.167,F,0.018,F,0.430
102434,F,0.001,F,0.019,F,0.076
102437,F,0.028,F,0.018,F,0.001
102438,F,0.047,F,0.001,F,0.001
102439,F,0.047,F,0.010,F,0.104
102444,F,0.001,F,0.001,F,0.001
102446,F,0.001,F,0.018,F,0.001
102447,F,0.001,F,0.010,F,0.012
102448,F,0.091,F,0.001,T,0.990
102451,F,0.001,F,0.019,F,0.001
102454,F,0.001,F,0.001,F,0.001
102456,F,0.047,F,0.010,F,0.001
102457,F,0.091,F,0.001,F,0.001
102459,F,0.001,F,0.001,F,0.001
102460,F,0.035,F,0.001,F,0.018
102462,F,0.001,F,0.001,F,0.001
102465,F,0.001,F,0.019,F,0.001
102468,F,0.169,F,0.010,F,0.244
102469,F,0.324,F,0.001,F,0.001
102471,F,0.152,F,0.250,T,0.610
102472,F,0.001,F,0.010,F,0.012
102473,F,0.001,F,0.001,F,0.001
102475,F,0.016,F,0.019,F,0.178
102477,F,0.035,F,0.011,F,0.095
102479,F,0.047,F,0.010,F,0.012
102483,F,0.324,F,0.001,F,0.001
102484,F,0.001,F,0.001,F,0.201
102485,T,0.512,F,0.051,F,0.290
102488,F,0.180,F,0.018,F,0.426
102489,F,0.028,F,0.010,F,0.201
102497,F,0.001,F,0.059,F,0.104
102501,F,0.001,F,0.001,F,0.001
102505,F,0.001,F,0.001,F,0.001
102506,F,0.119,F,0.001,F,0.001
102507,F,0.167,F,0.010,F,0.201
102508,F,0.091,F,0.019,F,0.001
102509,F,0.047,F,0.010,F,0.201
102510,F,0.370,F,0.010,F,0.001
102511,F,0.001,F,0.250,F,0.018
102512,F,0.047,F,0.001,F,0.201
102513,F,0.047,F,0.001,F,0.350
102514,F,0.001,F,0.001,F,0.001
102516,F,0.001,F,0.019,F,0.001
102518,F,0.001,F,0.001,F,0.001
102521,F,0.213,F,0.018,F,0.430
102522,F,0.167,F,0.114,F,0.244
102523,F,0.167,F,0.001,F,0.001
102524,F,0.047,F,0.001,F,0.001
102526,F,0.001,F,0.019,F,0.001
102529,F,0.119,F,0.001,F,0.001
102530,F,0.180,F,0.051,F,0.290
102532,F,0.001,F,0.114,T,0.990
102533,F,0.169,F,0.019,F,0.001
102534,F,0.001,F,0.001,F,0.001
102535,F,0.001,F,0.011,F,0.201
102537,F,0.364,F,0.018,F,0.350
102539,F,0.001,F,0.019,F,0.001
102540,F,0.016,F,0.001,F,0.001
102542,F,0.091,F,0.001,F,0.018
102545,F,0.047,F,0.001,F,0.001
102547,F,0.389,F,0.010,F,0.001
102549,F,0.001,F,0.001,F,0.001
102550,F,0.001,F,0.001,F,0.001
102551,F,0.047,F,0.010,F,0.201
102552,F,0.180,F,0.051,T,0.610
102556,F,0.169,F,0.059,F,0.201
102557,F,0.091,F,0.250,F,0.001
102560,F,0.213,F,0.001,F,0.104
102561,F,0.132,F,0.001,F,0.001
102562,F,0.083,F,0.018,F,0.290
102565,F,0.001,F,0.001,F,0.001
102568,F,0.001,F,0.001,F,0.001
102569,F,0.047,F,0.010,F,0.001
102570,F,0.001,F,0.019,F,0.001
102571,F,0.001,F,0.001,F,0.001
102573,F,0.001,F,0.010,F,0.001
102576,F,0.001,F,0.019,T,0.990
102578,F,0.001,F,0.001,F,0.001
102579,F,0.001,F,0.019,F,0.201
102580,F,0.028,F,0.038,F,0.001
102581,T,0.512,F,0.018,F,0.430
102583,F,0.028,F,0.010,F,0.076
102585,F,0.001,F,0.011,F,0.001
102586,F,0.167,F,0.018,F,0.001
102588,F,0.119,F,0.010,F,0.001
102592,F,0.001,F,0.010,F,0.012
102593,F,0.001,F,0.001,F,0.104
102595,F,0.001,F,0.038,F,0.001
102596,F,0.001,F,0.019,F,0.001
102599,F,0.083,F,0.001,T,0.884
102600,F,0.132,F,0.010,F,0.095
102606,F,0.001,F,0.010,F,0.430
102609,F,0.167,F,0.018,F,0.095
102611,F,0.132,F,0.001,F,0.001
102612,F,0.001,F,0.010,F,0.001
102613,F,0.001,F,0.010,F,0.001
102615,F,0.169,F,0.001,F,0.018
102616,F,0.001,F,0.001,F,0.001
102617,F,0.001,F,0.001,F,0.001
102618,F,0.047,F,0.010,F,0.104
102619,F,0.132,F,0.116,F,0.430
102620,F,0.119,F,0.001,F,0.001
102621,F,0.167,F,0.116,F,0.430
102626,F,0.001,F,0.019,F,0.001
102627,F,0.167,F,0.018,F,0.001
102636,F,0.180,F,0.018,T,0.610
102641,F,0.083,F,0.010,F,0.001
102642,F,0.001,F,0.019,F,0.001
102643,F,0.028,F,0.018,F,0.290
102645,F,0.001,F,0.019,T,0.990
102646,F,0.364,F,0.018,F,0.430
102648,F,0.091,F,0.001,F,0.001
102649,F,0.001,F,0.001,F,0.001
102653,F,0.083,F,0.001,F,0.001
102656,F,0.001,F,0.001,F,0.001
102658,F,0.119,F,0.001,F,0.201
102660,F,0.035,F,0.001,F,0.001
102661,F,0.047,F,0.011,F,0.001
102662,F,0.035,F,0.001,F,0.001
102663,F,0.160,F,0.114,F,0.001
102664,F,0.028,F,0.001,F,0.001
102665,T,0.512,F,0.051,F,0.426
102666,F,0.132,F,0.010,F,0.350
102667,F,0.028,F,0.010,F,0.242
102668,F,0.001,F,0.001,F,0.001
102672,F,0.167,F,0.010,F,0.001
102675,F,0.324,F,0.001,F,0.001
102678,F,0.001,F,0.001,F,0.001
102679,F,0.132,F,0.018,F,0.095
102680,F,0.001,F,0.010,F,0.201
102681,F,0.132,F,0.010,F,0.201
102684,F,0.152,F,0.018,T,0.610
102685,F,0.001,F,0.001,F,0.001
102686,F,0.091,F,0.019,F,0.001
102689,F,0.132,F,0.010,F,0.076
102691,F,0.001,F,0.018,F,0.430
102692,F,0.001,F,0.010,F,0.001
102694,F,0.001,F,0.010,F,0.076
102695,F,0.459,F,0.051,F,0.430
102696,F,0.028,F,0.010,F,0.001
102697,F,0.167,F,0.250,F,0.001
102700,F,0.152,F,0.018,F,0.001
102703,F,0.370,F,0.051,F,0.290
102708,F,0.001,F,0.001,F,0.018
102709,F,0.047,F,0.018,F,0.430
102711,F,0.047,F,0.010,F,0.001
102712,F,0.132,F,0.001,F,0.012
102713,F,0.001,F,0.019,F,0.001
102715,F,0.083,F,0.019,F,0.012
102717,F,0.121,F,0.019,F,0.001
102718,F,0.001,F,0.038,F,0.001
102719,F,0.001,F,0.001,F,0.001
102720,F,0.001,F,0.011,F,0.001
102724,F,0.028,F,0.001,F,0.001
102728,F,0.047,F,0.010,F,0.350
102730,F,0.001,F,0.001,F,0.001
102733,F,0.167,F,0.018,F,0.430
102736,F,0.160,F,0.038,F,0.201
102737,F,0.091,F,0.001,T,0.990
102738,F,0.091,F,0.019,F,0.001
102741,F,0.001,F,0.019,F,0.001
102744,F,0.167,F,0.116,F,0.290
102745,F,0.132,F,0.001,F,0.001
102748,F,0.324,F,0.001,F,0.001
102749,F,0.001,F,0.019,F,0.178
102751,F,0.167,F,0.038,T,0.990
102753,F,0.001,F,0.001,F,0.001
102754,F,0.091,F,0.001,F,0.178
102756,F,0.001,F,0.001,F,0.001
102757,F,0.167,F,0.051,F,0.290
102758,F,0.047,F,0.001,F,0.001
102759,F,0.001,F,0.019,F,0.001
102764,F,0.001,F,0.250,F,0.018
102766,F,0.001,F,0.019,F,0.001
102767,F,0.001,F,0.010,F,0.001
102768,F,0.047,F,0.010,T,0.990
102769,F,0.001,F,0.019,F,0.001
102771,F,0.167,F,0.140,F,0.290
102773,F,0.169,F,0.019,F,0.001
102774,F,0.001,F,0.001,F,0.018
102777,F,0.083,F,0.010,F,0.350
102778,F,0.001,F,0.010,F,0.001
102780,F,0.119,F,0.038,F,0.095
102785,F,0.167,F,0.018,F,0.350
102786,F,0.157,F,0.010,F,0.012
102791,F,0.157,F,0.010,F,0.350
102792,F,0.132,F,0.010,F,0.001
102793,F,0.167,F,0.018,F,0.076
102794,F,0.167,F,0.001,F,0.001
102798,F,0.083,F,0.018,F,0.430
102800,F,0.167,F,0.018,F,0.430
102801,F,0.001,F,0.019,F,0.001
102802,F,0.047,F,0.010,F,0.001
102806,F,0.132,F,0.010,F,0.242
102809,F,0.001,F,0.001,F,0.018
102814,F,0.016,F,0.019,F,0.001
102817,F,0.389,F,0.011,F,0.350
102818,F,0.001,F,0.001,F,0.001
102819,F,0.001,F,0.010,F,0.001
102820,F,0.180,F,0.051,T,0.610
102821,F,0.001,F,0.019,F,0.178
102822,F,0.001,F,0.010,F,0.012
102825,F,0.180,F,0.051,F,0.290
102826,F,0.028,F,0.018,F,0.242
102828,F,0.324,F,0.001,F,0.001
102831,F,0.091,F,0.019,F,0.018
102832,F,0.167,F,0.010,F,0.201
102833,F,0.324,F,0.001,F,0.001
102836,F,0.001,F,0.019,F,0.001
102839,F,0.389,F,0.010,F,0.001
102840,F,0.160,F,0.116,F,0.001
102841,F,0.459,F,0.051,F,0.001
102844,F,0.001,F,0.001,F,0.001
102845,F,0.180,F,0.051,F,0.333
102849,F,0.047,F,0.001,F,0.001
102852,F,0.176,F,0.018,F,0.242
102854,F,0.001,F,0.001,F,0.001
102856,F,0.001,F,0.019,F,0.001
102857,F,0.022,F,0.114,F,0.076
102859,F,0.047,F,0.001,F,0.001
102862,F,0.001,F,0.001,F,0.001
102865,F,0.389,F,0.051,T,0.610
102866,F,0.001,F,0.019,F,0.001
102867,F,0.119,F,0.001,F,0.001
102869,T,0.512,F,0.018,F,0.333
102870,F,0.001,F,0.010,F,0.001
102872,F,0.001,F,0.001,F,0.201
102876,F,0.001,F,0.001,F,0.001
102879,F,0.091,F,0.001,F,0.076
102881,F,0.389,F,0.051,F,0.076
102882,F,0.001,F,0.010,F,0.201
102889,F,0.001,F,0.038,T,0.884
102890,F,0.119,F,0.001,F,0.001
102892,F,0.047,F,0.019,F,0.001
102894,F,0.001,F,0.114,F,0.001
102899,F,0.167,F,0.018,F,0.001
102900,F,0.022,F,0.051,F,0.001
102904,F,0.167,F,0.114,F,0.001
102908,F,0.121,F,0.001,F,0.076
102910,F,0.028,F,0.018,F,0.001
102911,F,0.001,F,0.019,F,0.201
102912,F,0.176,F,0.011,F,0.350
102913,F,0.001,F,0.001,F,0.001
102915,F,0.213,F,0.140,F,0.290
102917,F,0.119,F,0.010,F,0.018
102918,F,0.370,F,0.140,F,0.290
102920,F,0.132,F,0.051,F,0.290
102922,F,0.180,F,0.038,F,0.426
102924,F,0.047,F,0.001,F,0.001
102927,F,0.001,F,0.019,F,0.001
102928,F,0.157,F,0.116,F,0.001
102931,F,0.180,F,0.116,F,0.290
102933,F,0.001,F,0.010,F,0.001
102936,F,0.180,F,0.038,F,0.426
102940,F,0.047,F,0.019,F,0.076
102941,F,0.001,F,0.001,T,0.884
102942,F,0.001,F,0.001,F,0.012
102946,F,0.001,F,0.001,F,0.001
102947,F,0.121,F,0.114,F,0.001
102948,F,0.001,F,0.018,F,0.001
102949,F,0.119,F,0.059,F,0.001
102950,F,0.119,F,0.001,F,0.001
102951,F,0.459,F,0.038,F,0.242
102952,F,0.047,F,0.018,T,0.884
102956,F,0.132,F,0.001,F,0.001
102957,F,0.001,F,0.001,F,0.001
102958,F,0.180,F,0.051,T,0.610
102959,F,0.047,F,0.059,F,0.095
102964,F,0.001,F,0.010,F,0.201
102968,F,0.001,F,0.001,F,0.201
102971,F,0.119,F,0.001,F,0.201
102974,F,0.132,F,0.010,F,0.076
102975,F,0.001,F,0.011,T,0.884
102976,F,0.370,F,0.116,F,0.426
102977,F,0.132,F,0.010,F,0.104
102978,F,0.047,F,0.019,F,0.001
102979,F,0.022,F,0.051,F,0.001
102980,F,0.001,F,0.019,F,0.030
102985,F,0.121,F,0.011,F,0.350
102988,F,0.035,F,0.001,F,0.001
102990,F,0.364,F,0.018,F,0.290
102991,F,0.001,F,0.019,F,0.001
102992,F,0.132,F,0.019,F,0.001
102995,F,0.160,F,0.010,F,0.001
102996,F,0.160,F,0.011,F,0.201
102997,F,0.132,F,0.116,F,0.076
102998,F,0.001,F,0.019,F,0.001
102999,F,0.001,F,0.116,F,0.001
103001,F,0.001,F,0.001,F,0.001
103002,F,0.028,F,0.010,F,0.242
103003,F,0.324,F,0.019,T,0.990
103004,F,0.152,F,0.018,F,0.290
103005,F,0.047,F,0.001,F,0.076
103006,F,0.016,F,0.001,F,0.001
103008,F,0.047,F,0.001,F,0.001
103009,F,0.157,F,0.010,F,0.350
103010,F,0.083,F,0.051,F,0.430
103014,F,0.016,F,0.001,F,0.001
103018,F,0.001,F,0.059,F,0.001
103019,F,0.132,F,0.001,F,0.178
103021,F,0.001,F,0.038,F,0.001
103022,F,0.167,F,0.010,T,0.990
103025,F,0.167,F,0.038,F,0.430
103026,F,0.001,F,0.001,F,0.001
103027,F,0.001,F,0.019,F,0.104
103029,F,0.001,F,0.019,F,0.104
103030,F,0.001,F,0.114,F,0.012
103031,F,0.167,F,0.018,F,0.095
103033,F,0.160,F,0.011,F,0.001
103034,F,0.035,F,0.010,F,0.201
103036,F,0.001,F,0.019,F,0.001
103037,F,0.001,F,0.140,F,0.426
103038,F,0.047,F,0.011,F,0.001
103039,F,0.047,F,0.010,F,0.001
103042,F,0.001,F,0.019,F,0.012
103044,F,0.001,F,0.018,F,0.242
103048,F,0.180,F,0.018,F,0.333
103049,F,0.459,F,0.051,F,0.001
103050,F,0.047,F,0.011,F,0.350
103053,F,0.167,F,0.038,F,0.350
103054,F,0.047,F,0.018,F,0.001
103055,F,0.047,F,0.001,F,0.001
103056,F,0.132,F,0.001,F,0.001
103058,F,0.028,F,0.018,F,0.001
103060,F,0.022,F,0.116,F,0.430
103061,F,0.035,F,0.001,F,0.201
103062,F,0.001,F,0.019,F,0.001
103066,F,0.001,F,0.019,F,0.001
103068,F,0.132,F,0.010,F,0.350
103069,F,0.132,F,0.250,F,0.001
103074,F,0.047,F,0.010,T,0.884
103077,F,0.119,F,0.114,F,0.201
103078,F,0.001,F,0.001,F,0.030
103082,F,0.370,F,0.051,F,0.290
103083,F,0.001,F,0.011,F,0.201
103084,T,0.512,F,0.051,T,0.610
103087,F,0.001,F,0.011,F,0.001
103088,F,0.035,F,0.001,F,0.001
103090,F,0.160,F,0.114,F,0.001
103091,F,0.035,F,0.001,F,0.001
103096,F,0.001,F,0.010,F,0.104
103097,F,0.176,F,0.010,F,0.430
103098,F,0.167,F,0.018,F,0.242
103104,F,0.001,F,0.010,F,0.001
103106,F,0.001,F,0.059,F,0.018
103107,F,0.132,F,0.001,F,0.001
103112,F,0.083,F,0.010,F,0.290
103115,F,0.180,F,0.018,F,0.333
103116,F,0.001,F,0.001,F,0.001
103120,F,0.180,F,0.018,F,0.290
103121,F,0.047,F,0.010,F,0.001
103122,F,0.167,F,0.114,F,0.201
103123,F,0.083,F,0.018,F,0.001
103125,F,0.001,F,0.011,F,0.001
103129,F,0.132,F,0.001,F,0.001
103131,F,0.016,F,0.001,F,0.030
103132,F,0.160,F,0.140,F,0.001
103133,F,0.169,F,0.001,F,0.178
103134,F,0.167,F,0.001,T,0.990
103135,F,0.091,F,0.001,F,0.001
103139,F,0.001,F,0.001,F,0.201
103141,F,0.169,F,0.010,F,0.001
103142,F,0.324,F,0.001,F,0.001
103145,F,0.001,F,0.001,F,0.001
103153,F,0.119,F,0.010,F,0.001
103154,F,0.016,F,0.001,F,0.178
103155,F,0.001,F,0.019,F,0.001
103156,F,0.364,F,0.010,F,0.001
103157,F,0.083,F,0.116,F,0.333
103159,F,0.001,F,0.001,T,0.884
103162,F,0.047,F,0.010,T,0.884
103163,F,0.157,F,0.018,F,0.430
103166,F,0.160,F,0.018,F,0.001
103168,F,0.152,F,0.018,F,0.001
103169,F,0.132,F,0.011,F,0.201
103171,F,0.001,F,0.116,F,0.001
103173,F,0.157,F,0.010,F,0.012
103174,F,0.180,F,0.051,F,0.426
103176,F,0.176,F,0.010,F,0.095
103177,F,0.459,F,0.051,F,0.333
103181,F,0.047,F,0.001,F,0.018
103182,F,0.001,F,0.001,F,0.001
103183,F,0.152,F,0.018,T,0.610
103185,F,0.001,F,0.018,F,0.242
103186,F,0.001,F,0.019,F,0.201
103192,F,0.459,F,0.051,F,0.430
103193,F,0.047,F,0.051,F,0.001
103198,F,0.152,F,0.018,T,0.610
103199,F,0.160,F,0.018,F,0.095
103203,F,0.001,F,0.001,F,0.201
103205,F,0.001,F,0.010,F,0.001
103210,F,0.001,F,0.001,F,0.001
103211,F,0.119,F,0.059,F,0.012
103212,F,0.001,F,0.019,F,0.001
103213,F,0.035,F,0.001,F,0.001
103214,F,0.176,F,0.018,F,0.001
103215,F,0.167,F,0.010,F,0.095
103217,F,0.047,F,0.001,F,0.076
103223,F,0.083,F,0.250,F,0.076
103226,F,0.167,F,0.010,F,0.244
103229,F,0.035,F,0.001,F,0.001
103230,F,0.132,F,0.011,F,0.001
103233,F,0.370,F,0.010,F,0.333
103236,F,0.157,F,0.010,F,0.104
103243,F,0.001,F,0.001,F,0.104
103246,F,0.167,F,0.051,F,0.244
103247,F,0.167,F,0.010,F,0.201
103250,F,0.389,F,0.010,F,0.076
103253,F,0.001,F,0.011,T,0.990
103254,F,0.324,F,0.001,F,0.001
103255,F,0.083,F,0.001,F,0.001
103256,F,0.028,F,0.010,F,0.201
103257,F,0.167,F,0.114,F,0.076
103258,F,0.047,F,0.010,F,0.018
103261,F,0.167,F,0.051,F,0.201
103262,F,0.167,F,0.010,F,0.018
103264,F,0.389,F,0.051,F,0.430
103265,F,0.160,F,0.010,T,0.884
103266,F,0.001,F,0.001,F,0.001
103268,F,0.047,F,0.019,F,0.001
103269,F,0.132,F,0.011,F,0.001
103271,F,0.047,F,0.010,F,0.012
103272,F,0.132,F,0.001,T,0.990
103273,F,0.022,F,0.010,T,0.884
103274,F,0.047,F,0.001,F,0.018
103281,F,0.132,F,0.010,F,0.076
103285,F,0.180,F,0.051,T,0.610
103286,F,0.132,F,0.001,F,0.001
103287,F,0.001,F,0.001,F,0.350
103288,F,0.001,F,0.019,F,0.178
103290,F,0.091,F,0.001,F,0.001
103291,F,0.047,F,0.001,F,0.018
103295,F,0.364,F,0.011,F,0.076
103296,F,0.091,F,0.001,F,0.018
103300,F,0.091,F,0.010,F,0.012
103301,F,0.167,F,0.116,F,0.001
103302,F,0.001,F,0.001,T,0.990
103303,F,0.370,F,0.051,F,0.290
103304,F,0.157,F,0.010,F,0.001
103307,F,0.167,F,0.010,F,0.350
103308,F,0.213,F,0.018,F,0.244
103309,F,0.047,F,0.038,F,0.001
103311,F,0.001,F,0.001,F,0.178
103312,F,0.047,F,0.010,F,0.201
103315,F,0.091,F,0.001,F,0.001
103316,T,0.512,F,0.051,F,0.001
103317,F,0.167,F,0.018,F,0.242
103322,F,0.001,F,0.001,F,0.001
103323,F,0.001,F,0.001,F,0.201
103324,F,0.035,F,0.001,F,0.001
103330,F,0.121,F,0.019,F,0.001
103332,F,0.022,F,0.051,F,0.001
103337,F,0.160,F,0.018,F,0.001
103339,F,0.167,F,0.250,F,0.001
103341,F,0.001,F,0.019,F,0.001
103343,F,0.001,F,0.019,T,0.990
103344,F,0.121,F,0.001,F,0.001
103345,F,0.047,F,0.019,F,0.018
103346,F,0.091,F,0.001,F,0.001
103347,F,0.001,F,0.001,T,0.990
103348,F,0.167,F,0.051,T,0.990
103349,F,0.119,F,0.010,T,0.884
103350,F,0.167,F,0.140,F,0.001
103352,F,0.364,F,0.018,F,0.242
103353,F,0.001,F,0.001,F,0.001
103354,F,0.001,F,0.001,F,0.178
103355,F,0.091,F,0.059,F,0.001
103356,F,0.132,F,0.038,F,0.001
103360,F,0.157,F,0.051,F,0.012
103361,F,0.001,F,0.001,F,0.001
103363,F,0.121,F,0.001,F,0.001
103364,F,0.160,F,0.011,T,0.884
103365,F,0.001,F,0.001,F,0.001
103366,F,0.001,F,0.010,T,0.884
103367,F,0.047,F,0.001,F,0.001
103369,F,0.160,F,0.018,T,0.610
103372,F,0.047,F,0.010,F,0.001
103373,F,0.047,F,0.010,F,0.001
103374,F,0.119,F,0.001,F,0.001
103378,F,0.157,F,0.010,F,0.001
103380,F,0.167,F,0.019,F,0.001
103382,F,0.157,F,0.010,F,0.244
103383,F,0.001,F,0.019,F,0.001
103385,F,0.157,F,0.011,F,0.001
103390,F,0.047,F,0.001,F,0.001
103392,F,0.047,F,0.019,F,0.178
103394,F,0.180,F,0.018,T,0.610
103396,F,0.001,F,0.019,F,0.018
103399,F,0.001,F,0.001,T,0.884
103400,T,0.512,F,0.018,F,0.430
103402,F,0.091,F,0.010,F,0.012
103403,F,0.119,F,0.001,F,0.001
103404,F,0.167,F,0.038,F,0.012
103406,F,0.119,F,0.001,F,0.076
103408,F,0.001,F,0.010,F,0.350
103409,F,0.091,F,0.001,F,0.178
103410,F,0.167,F,0.114,F,0.001
103411,F,0.001,F,0.010,F,0.001
103412,F,0.001,F,0.011,F,0.001
103413,F,0.028,F,0.010,F,0.001
103417,F,0.047,F,0.001,T,0.884
103418,F,0.028,F,0.018,F,0.001
103421,F,0.160,F,0.010,F,0.001
103422,F,0.001,F,0.019,F,0.242
103423,F,0.001,F,0.001,F,0.001
103425,F,0.083,F,0.010,F,0.001
103426,F,0.001,F,0.019,F,0.030
103429,F,0.016,F,0.019,F,0.001
103431,F,0.001,F,0.001,F,0.001
103433,F,0.167,F,0.051,F,0.430
103435,F,0.001,F,0.001,F,0.104
103436,F,0.213,F,0.140,F,0.426
103437,F,0.022,F,0.114,F,0.001
103441,F,0.160,F,0.114,F,0.001
103443,F,0.364,F,0.010,F,0.201
103444,F,0.180,F,0.116,T,0.610
103446,F,0.001,F,0.011,F,0.001
103449,F,0.001,F,0.010,F,0.001
103452,F,0.160,F,0.010,F,0.076
103453,F,0.132,F,0.010,T,0.990
103454,F,0.001,F,0.019,F,0.001
103455,F,0.047,F,0.010,F,0.001
103456,F,0.119,F,0.001,F,0.001
103458,F,0.016,F,0.001,T,0.990
103459,F,0.324,F,0.001,F,0.001
103460,F,0.169,F,0.001,F,0.001
103461,F,0.459,F,0.038,F,0.001
103462,F,0.324,F,0.019,F,0.001
103463,F,0.119,F,0.010,F,0.076
103465,F,0.132,F,0.010,F,0.001
103466,F,0.132,F,0.001,F,0.001
103467,F,0.016,F,0.011,F,0.001
103472,F,0.001,F,0.001,T,0.990
103473,F,0.001,F,0.010,F,0.001
103475,F,0.001,F,0.011,F,0.001
103476,F,0.167,F,0.010,F,0.095
103477,F,0.047,F,0.010,F,0.018
103483,F,0.176,F,0.250,F,0.001
103484,F,0.180,F,0.051,F,0.426
103486,F,0.001,F,0.250,F,0.012
103488,F,0.001,F,0.010,F,0.290
103489,F,0.167,F,0.010,F,0.001
103491,F,0.028,F,0.010,F,0.350
103493,F,0.167,F,0.010,F,0.290
103494,F,0.176,F,0.051,F,0.242
103495,F,0.035,F,0.001,F,0.001
103496,F,0.001,F,0.001,T,0.884
103497,F,0.001,F,0.001,F,0.001
103501,F,0.370,F,0.116,F,0.426
103503,F,0.091,F,0.001,F,0.244
103504,F,0.001,F,0.001,F,0.030
103509,F,0.001,F,0.001,F,0.018
103511,F,0.180,F,0.018,F,0.290
103512,F,0.047,F,0.019,F,0.001
103516,F,0.167,F,0.018,F,0.430
103518,F,0.119,F,0.001,F,0.001
103521,F,0.167,F,0.001,F,0.001
103522,F,0.132,F,0.116,F,0.430
103524,F,0.001,F,0.010,F,0.201
103527,F,0.001,F,0.001,F,0.001
103528,F,0.001,F,0.010,F,0.001
103529,F,0.167,F,0.001,T,0.990
103530,F,0.001,F,0.001,F,0.001
103532,F,0.389,F,0.018,F,0.242
103533,F,0.091,F,0.019,F,0.178
103539,F,0.001,F,0.010,F,0.001
103541,F,0.119,F,0.001,F,0.001
103552,F,0.001,F,0.010,F,0.076
103556,F,0.132,F,0.019,F,0.076
103557,F,0.389,F,0.018,F,0.242
103559,F,0.083,F,0.116,F,0.290
103560,F,0.176,F,0.051,F,0.430
103562,F,0.119,F,0.001,F,0.201
103563,F,0.157,F,0.010,F,0.242
103564,T,0.512,F,0.051,T,0.610
103565,F,0.132,F,0.018,F,0.430
103566,F,0.001,F,0.010,F,0.104
103567,F,0.324,F,0.001,F,0.001
103569,F,0.169,F,0.019,F,0.001
103570,F,0.157,F,0.010,F,0.001
103571,F,0.047,F,0.010,F,0.201
103580,F,0.001,F,0.001,F,0.001
103585,F,0.167,F,0.114,T,0.990
103587,F,0.028,F,0.010,F,0.001
103589,F,0.169,F,0.019,F,0.001
103590,F,0.389,F,0.018,F,0.001
103595,F,0.028,F,0.116,F,0.242
103596,F,0.167,F,0.019,F,0.001
103598,F,0.324,F,0.019,F,0.001
103600,F,0.160,F,0.018,F,0.430
103601,F,0.160,F,0.010,F,0.001
103602,F,0.324,F,0.001,T,0.884
103604,F,0.180,F,0.018,F,0.001
103608,F,0.001,F,0.001,F,0.001
103609,F,0.001,F,0.001,F,0.178
103613,T,0.512,F,0.018,F,0.001
103614,F,0.028,F,0.140,F,0.242
103615,F,0.324,F,0.019,F,0.001
103616,F,0.001,F,0.001,F,0.001
103618,F,0.001,F,0.001,F,0.001
103621,F,0.001,F,0.019,F,0.001
103622,F,0.035,F,0.001,F,0.001
103626,F,0.132,F,0.018,F,0.001
103628,F,0.001,F,0.001,F,0.001
103629,F,0.132,F,0.010,T,0.884
103630,F,0.001,F,0.001,F,0.001
103634,F,0.160,F,0.018,F,0.001
103636,F,0.028,F,0.010,F,0.242
103638,F,0.132,F,0.019,F,0.018
103639,F,0.324,F,0.001,F,0.001
103645,F,0.001,F,0.018,F,0.001
103647,F,0.324,F,0.019,F,0.018
103648,F,0.047,F,0.019,F,0.001
103649,F,0.132,F,0.001,F,0.001
103650,F,0.001,F,0.001,F,0.001
103653,F,0.001,F,0.001,F,0.018
103655,F,0.016,F,0.019,F,0.001
103657,F,0.167,F,0.018,F,0.430
103660,F,0.459,F,0.038,F,0.095
103663,F,0.132,F,0.001,F,0.001
103665,F,0.001,F,0.010,F,0.001
103667,F,0.001,F,0.114,T,0.990
103669,F,0.324,F,0.001,T,0.884
103670,F,0.169,F,0.019,F,0.001
103671,F,0.047,F,0.010,F,0.012
103676,F,0.169,F,0.019,F,0.001
103677,F,0.370,F,0.018,T,0.610
103678,F,0.001,F,0.001,F,0.001
103679,F,0.001,F,0.018,F,0.333
103680,F,0.083,F,0.011,F,0.001
103681,F,0.001,F,0.019,F,0.012
103682,F,0.459,F,0.116,F,0.333
103684,F,0.028,F,0.019,F,0.001
103685,F,0.001,F,0.001,F,0.001
103687,F,0.364,F,0.038,F,0.242
103688,F,0.001,F,0.001,F,0.290
103689,F,0.022,F,0.140,T,0.610
103690,F,0.167,F,0.038,F,0.178
103691,F,0.001,F,0.001,F,0.001
103692,F,0.132,F,0.140,F,0.012
103695,F,0.132,F,0.001,F,0.001
103696,F,0.001,F,0.010,F,0.001
103697,F,0.047,F,0.001,F,0.001
103698,F,0.083,F,0.010,F,0.350
103699,F,0.324,F,0.001,F,0.001
103701,F,0.167,F,0.051,F,0.430
103702,F,0.047,F,0.010,F,0.001
103703,F,0.047,F,0.001,F,0.012
103704,F,0.001,F,0.001,F,0.012
103705,F,0.324,F,0.001,F,0.001
103708,F,0.022,F,0.010,F,0.095
103710,F,0.028,F,0.114,F,0.201
103712,F,0.047,F,0.019,F,0.001
103719,F,0.047,F,0.011,F,0.076
103720,F,0.213,F,0.018,F,0.001
103722,F,0.047,F,0.010,F,0.001
103724,F,0.180,F,0.038,F,0.290
103727,F,0.167,F,0.116,F,0.430
103729,F,0.001,F,0.001,F,0.001
103730,F,0.180,F,0.051,F,0.426
103732,F,0.167,F,0.010,F,0.001
103735,F,0.001,F,0.059,F,0.001
103738,F,0.160,F,0.018,F,0.095
103740,F,0.001,F,0.010,F,0.001
103742,F,0.001,F,0.019,F,0.018
103743,F,0.167,F,0.018,F,0.244
103747,F,0.167,F,0.010,F,0.201
103748,F,0.001,F,0.001,F,0.001
103749,F,0.001,F,0.114,T,0.990
103751,F,0.001,F,0.010,F,0.001
103753,F,0.001,F,0.019,F,0.178
103754,T,0.512,F,0.018,T,0.610
103755,F,0.121,F,0.001,F,0.242
103756,F,0.132,F,0.116,T,0.990
103757,F,0.324,F,0.001,F,0.001
103759,F,0.119,F,0.114,F,0.012
103761,F,0.001,F,0.001,F,0.290
103762,F,0.083,F,0.116,F,0.001
103763,F,0.091,F,0.001,F,0.001
103764,F,0.132,F,0.001,F,0.001
103765,F,0.001,F,0.001,F,0.001
103768,F,0.001,F,0.001,F,0.001
103770,F,0.001,F,0.019,F,0.001
103771,F,0.167,F,0.018,F,0.001
103775,F,0.132,F,0.051,F,0.104
103776,F,0.001,F,0.019,T,0.884
103779,F,0.324,F,0.019,F,0.001
103781,F,0.459,F,0.051,F,0.001
103783,F,0.001,F,0.001,F,0.001
103787,F,0.160,F,0.010,F,0.201
103788,F,0.001,F,0.010,F,0.333
103789,F,0.001,F,0.010,F,0.350
103791,F,0.132,F,0.010,F,0.430
103793,F,0.167,F,0.001,F,0.201
103796,F,0.001,F,0.059,F,0.001
103797,F,0.160,F,0.114,F,0.001
103799,F,0.389,F,0.116,F,0.001
103800,F,0.022,F,0.051,F,0.001
103805,F,0.047,F,0.010,F,0.201
103806,F,0.132,F,0.010,F,0.178
103807,F,0.132,F,0.018,F,0.104
103808,F,0.169,F,0.010,F,0.018
103809,F,0.001,F,0.001,F,0.001
103811,F,0.047,F,0.019,F,0.030
103815,F,0.459,F,0.051,F,0.001
103816,F,0.132,F,0.010,F,0.001
103819,F,0.001,F,0.011,F,0.001
103820,F,0.180,F,0.051,F,0.426
103823,F,0.047,F,0.019,F,0.001
103825,F,0.001,F,0.001,F,0.018
103828,F,0.047,F,0.010,F,0.012
103831,F,0.169,F,0.001,F,0.001
103833,F,0.047,F,0.019,F,0.001
103835,F,0.047,F,0.010,F,0.104
103836,F,0.001,F,0.001,F,0.001
103839,F,0.047,F,0.001,F,0.001
103849,F,0.001,F,0.001,F,0.001
103850,F,0.001,F,0.011,F,0.201
103851,F,0.001,F,0.010,F,0.244
103852,F,0.047,F,0.001,F,0.001
103853,F,0.167,F,0.010,F,0.001
103854,F,0.001,F,0.019,F,0.001
103856,F,0.001,F,0.010,F,0.001
103857,F,0.364,F,0.018,F,0.001
103858,F,0.047,F,0.001,F,0.001
103859,F,0.132,F,0.018,F,0.290
103860,F,0.001,F,0.059,F,0.001
103869,T,0.512,F,0.018,T,0.884
103872,F,0.001,F,0.001,F,0.001
103873,F,0.001,F,0.018,F,0.001
103874,F,0.001,F,0.001,T,0.990
103877,F,0.364,F,0.011,F,0.001
103881,F,0.152,F,0.140,F,0.290
103884,F,0.047,F,0.001,F,0.001
103886,F,0.001,F,0.019,F,0.001
103892,F,0.213,F,0.116,F,0.290
103898,F,0.459,F,0.250,F,0.290
103901,F,0.160,F,0.018,F,0.001
103907,F,0.001,F,0.019,F,0.001
103909,F,0.047,F,0.001,F,0.201
103911,F,0.001,F,0.019,F,0.001
103912,F,0.091,F,0.001,F,0.001
103913,F,0.035,F,0.001,F,0.001
103915,F,0.001,F,0.010,F,0.001
103916,F,0.001,F,0.010,F,0.244
103917,F,0.160,F,0.018,F,0.201
103921,F,0.132,F,0.010,F,0.001
103923,F,0.132,F,0.011,F,0.001
103924,F,0.001,F,0.001,F,0.001
103929,F,0.091,F,0.019,F,0.001
103933,F,0.213,F,0.051,F,0.001
103934,F,0.160,F,0.010,F,0.104
103935,F,0.091,F,0.010,F,0.001
103936,F,0.001,F,0.250,F,0.290
103939,F,0.022,F,0.038,F,0.430
103940,F,0.047,F,0.010,F,0.001
103941,F,0.001,F,0.001,F,0.178
103944,F,0.001,F,0.001,F,0.001
103945,F,0.132,F,0.001,F,0.018
103948,F,0.022,F,0.051,F,0.001
103949,F,0.180,F,0.010,T,0.884
103950,F,0.160,F,0.010,T,0.990
103953,F,0.028,F,0.250,F,0.001
103956,F,0.001,F,0.019,F,0.001
103957,F,0.001,F,0.001,F,0.001
103958,F,0.022,F,0.010,F,0.001
103959,F,0.001,F,0.001,F,0.001
103962,F,0.001,F,0.001,F,0.001
103964,F,0.167,F,0.051,F,0.076
103965,F,0.001,F,0.001,F,0.001
103966,F,0.001,F,0.001,F,0.001
103971,F,0.167,F,0.051,F,0.001
103975,F,0.047,F,0.001,F,0.001
103976,F,0.132,F,0.010,F,0.001
103979,F,0.047,F,0.019,F,0.001
103980,F,0.167,F,0.018,F,0.430
103981,F,0.001,F,0.001,F,0.001
103982,F,0.132,F,0.019,F,0.018
103983,F,0.001,F,0.001,F,0.001
103987,F,0.001,F,0.019,F,0.001
103988,F,0.001,F,0.019,F,0.001
103992,F,0.213,F,0.018,F,0.001
103993,F,0.167,F,0.051,F,0.244
103995,F,0.152,F,0.018,F,0.290
103997,F,0.132,F,0.011,F,0.001
103998,F,0.132,F,0.011,F,0.076
104002,F,0.119,F,0.019,F,0.001
104005,F,0.091,F,0.019,F,0.178
104006,F,0.001,F,0.011,F,0.430
104009,T,0.512,F,0.018,F,0.333
104012,F,0.001,F,0.019,F,0.001
104017,T,0.512,F,0.140,F,0.242
104018,F,0.459,F,0.140,T,0.610
104023,F,0.157,F,0.010,F,0.018
104024,F,0.167,F,0.018,F,0.242
104026,F,0.132,F,0.116,F,0.012
104027,F,0.157,F,0.010,F,0.104
104028,F,0.132,F,0.018,F,0.095
104029,F,0.370,F,0.018,F,0.290
104030,F,0.035,F,0.001,F,0.030
104031,F,0.132,F,0.010,F,0.201
104032,F,0.167,F,0.010,F,0.201
104033,F,0.001,F,0.001,F,0.001
104036,F,0.324,F,0.001,F,0.001
104038,F,0.160,F,0.011,F,0.001
104039,F,0.001,F,0.001,F,0.030
104041,F,0.001,F,0.010,F,0.001
104042,F,0.001,F,0.019,F,0.350
104044,F,0.001,F,0.001,T,0.990
104046,F,0.119,F,0.001,F,0.001
104048,F,0.324,F,0.001,F,0.001
104050,F,0.001,F,0.019,F,0.001
104054,F,0.047,F,0.010,F,0.290
104057,F,0.001,F,0.001,F,0.001
104058,F,0.167,F,0.051,F,0.242
104059,F,0.001,F,0.018,F,0.350
104060,F,0.213,F,0.010,F,0.001
104063,F,0.132,F,0.001,F,0.001
104064,F,0.001,F,0.001,F,0.018
104066,F,0.180,F,0.140,F,0.001
104068,F,0.370,F,0.051,F,0.001
104071,F,0.001,F,0.019,F,0.001
104075,F,0.152,F,0.116,F,0.076
104077,F,0.001,F,0.001,F,0.001
104078,F,0.035,F,0.059,F,0.104
104079,F,0.083,F,0.010,F,0.290
104085,F,0.001,F,0.019,F,0.001
104086,F,0.001,F,0.001,T,0.990
104087,F,0.459,F,0.051,F,0.001
104088,F,0.167,F,0.010,F,0.001
104091,F,0.001,F,0.001,F,0.104
104092,F,0.176,F,0.010,T,0.884
104093,F,0.091,F,0.001,F,0.201
104097,F,0.370,F,0.038,T,0.610
104100,F,0.132,F,0.011,F,0.001
104101,F,0.001,F,0.011,F,0.001
104106,F,0.169,F,0.019,F,0.001
104111,F,0.028,F,0.010,F,0.001
104114,F,0.160,F,0.038,F,0.201
104115,F,0.001,F,0.010,F,0.001
104117,F,0.001,F,0.001,F,0.001
104120,T,0.512,F,0.250,T,0.610
104121,F,0.016,F,0.001,F,0.012
104122,F,0.001,F,0.001,F,0.001
104125,F,0.001,F,0.001,F,0.104
104128,F,0.167,F,0.019,F,0.012
104129,F,0.119,F,0.059,F,0.001
104130,F,0.001,F,0.001,F,0.018
104132,F,0.001,F,0.001,F,0.001
104133,F,0.047,F,0.010,F,0.350
104135,F,0.047,F,0.010,T,0.990
104140,F,0.028,F,0.010,F,0.242
104141,F,0.167,F,0.018,F,0.001
104144,F,0.167,F,0.019,T,0.884
104145,F,0.001,F,0.011,F,0.001
104147,F,0.001,F,0.019,F,0.001
104149,F,0.022,F,0.010,T,0.884
104153,F,0.001,F,0.059,F,0.201
104156,F,0.180,F,0.051,T,0.990
104157,F,0.001,F,0.001,F,0.001
104158,F,0.001,F,0.010,F,0.012
104160,F,0.180,F,0.038,T,0.610
104161,F,0.001,F,0.019,F,0.030
104163,F,0.091,F,0.019,F,0.001
104167,F,0.132,F,0.001,F,0.001
104169,F,0.180,F,0.140,F,0.426
104170,F,0.167,F,0.010,F,0.242
104171,F,0.119,F,0.010,F,0.104
104172,F,0.001,F,0.001,T,0.884
104174,F,0.001,F,0.010,F,0.104
104178,F,0.001,F,0.019,F,0.001
104180,F,0.119,F,0.001,F,0.201
104184,F,0.047,F,0.010,F,0.350
104189,F,0.132,F,0.010,F,0.201
104191,F,0.047,F,0.019,F,0.001
104194,F,0.152,F,0.018,F,0.001
104196,F,0.028,F,0.010,F,0.201
104197,F,0.213,F,0.116,F,0.426
104199,F,0.001,F,0.010,F,0.001
104200,F,0.001,F,0.001,F,0.001
104202,F,0.160,F,0.018,F,0.430
104203,F,0.169,F,0.001,F,0.018
104204,F,0.169,F,0.019,T,0.990
104205,F,0.001,F,0.001,F,0.001
104208,F,0.001,F,0.019,F,0.001
104209,F,0.001,F,0.001,F,0.001
104210,F,0.028,F,0.019,T,0.990
104211,F,0.001,F,0.010,F,0.201
104212,F,0.047,F,0.001,F,0.001
104213,F,0.001,F,0.001,F,0.001
104214,F,0.001,F,0.001,F,0.001
104216,F,0.121,F,0.001,F,0.201
104218,F,0.028,F,0.010,F,0.201
104219,F,0.035,F,0.001,F,0.018
104220,F,0.364,F,0.051,T,0.884
104221,F,0.167,F,0.019,F,0.178
104225,F,0.028,F,0.116,F,0.426
104226,F,0.047,F,0.010,F,0.001
104227,F,0.047,F,0.018,F,0.001
104228,F,0.001,F,0.019,F,0.001
104229,F,0.091,F,0.001,F,0.001
104234,F,0.091,F,0.001,F,0.001
104235,F,0.167,F,0.010,F,0.001
104239,F,0.119,F,0.011,F,0.001
104240,F,0.047,F,0.001,F,0.001
104242,F,0.001,F,0.001,F,0.201
104246,F,0.001,F,0.001,F,0.001
104247,F,0.167,F,0.051,F,0.001
104249,F,0.324,F,0.038,T,0.990
104250,F,0.132,F,0.010,F,0.001
104251,F,0.091,F,0.010,F,0.001
104253,F,0.022,F,0.051,F,0.001
104256,F,0.001,F,0.038,F,0.001
104257,F,0.169,F,0.019,F,0.095
104258,F,0.370,F,0.018,T,0.884
104259,F,0.001,F,0.019,F,0.001
104261,F,0.001,F,0.001,F,0.001
104263,F,0.001,F,0.001,F,0.178
104266,F,0.370,F,0.018,T,0.610
104267,F,0.001,F,0.001,F,0.001
104268,F,0.047,F,0.019,T,0.990
104269,F,0.167,F,0.018,F,0.244
104272,F,0.001,F,0.019,F,0.001
104273,F,0.364,F,0.114,F,0.242
104276,F,0.132,F,0.019,F,0.001
104277,F,0.121,F,0.001,F,0.001
104278,F,0.001,F,0.001,F,0.001
104282,F,0.047,F,0.250,F,0.001
104283,F,0.132,F,0.001,F,0.012
104285,F,0.180,F,0.018,T,0.610
104286,F,0.091,F,0.010,T,0.990
104287,F,0.157,F,0.038,F,0.001
104291,F,0.132,F,0.010,F,0.001
104292,F,0.001,F,0.001,F,0.001
104293,F,0.180,F,0.038,T,0.610
104294,F,0.035,F,0.001,F,0.030
104295,F,0.370,F,0.051,F,0.001
104296,F,0.167,F,0.010,F,0.001
104297,F,0.001,F,0.019,F,0.178
104298,F,0.001,F,0.001,F,0.001
104299,F,0.001,F,0.010,F,0.030
104300,F,0.035,F,0.001,F,0.178
104301,F,0.324,F,0.001,F,0.001
104303,F,0.001,F,0.010,F,0.012
104309,F,0.001,F,0.001,F,0.350
104311,F,0.001,F,0.001,F,0.001
104312,F,0.167,F,0.114,F,0.001
104314,F,0.389,F,0.051,F,0.242
104318,F,0.001,F,0.019,F,0.178
104322,F,0.132,F,0.019,F,0.001
104325,F,0.324,F,0.001,F,0.001
104326,F,0.047,F,0.001,F,0.001
104330,F,0.047,F,0.010,F,0.001
104332,F,0.119,F,0.010,F,0.104
104335,F,0.370,F,0.018,F,0.290
104337,F,0.083,F,0.018,F,0.290
104338,F,0.001,F,0.019,F,0.201
104339,F,0.167,F,0.010,F,0.244
104340,F,0.176,F,0.019,F,0.290
104341,F,0.169,F,0.019,F,0.001
104343,F,0.169,F,0.059,F,0.030
104344,F,0.157,F,0.018,F,0.290
104345,F,0.167,F,0.001,F,0.001
104347,F,0.324,F,0.011,F,0.001
104350,F,0.047,F,0.011,F,0.001
104356,F,0.157,F,0.010,F,0.018
104358,F,0.001,F,0.010,F,0.001
104360,F,0.001,F,0.001,F,0.001
104364,F,0.001,F,0.001,F,0.001
104365,F,0.169,F,0.010,F,0.350
104369,F,0.132,F,0.010,T,0.884
104370,F,0.001,F,0.019,F,0.018
104371,F,0.160,F,0.114,F,0.076
104373,T,0.512,F,0.018,F,0.001
104374,F,0.132,F,0.011,F,0.095
104375,F,0.001,F,0.001,F,0.001
104378,F,0.001,F,0.001,F,0.001
104379,F,0.132,F,0.018,F,0.001
104380,F,0.047,F,0.140,F,0.030
104381,F,0.169,F,0.010,F,0.001
104383,F,0.016,F,0.019,F,0.001
104385,F,0.176,F,0.019,F,0.178
104386,F,0.167,F,0.010,F,0.001
104387,F,0.324,F,0.019,F,0.001
104389,F,0.459,F,0.051,F,0.430
104391,F,0.119,F,0.010,F,0.001
104393,F,0.119,F,0.001,F,0.001
104395,F,0.132,F,0.038,F,0.001
104396,F,0.132,F,0.018,F,0.001
104397,F,0.035,F,0.011,F,0.001
104399,F,0.047,F,0.011,F,0.001
104402,F,0.047,F,0.140,F,0.001
104403,F,0.132,F,0.051,F,0.430
104404,F,0.001,F,0.001,F,0.001
104407,F,0.028,F,0.010,F,0.290
104408,F,0.132,F,0.011,F,0.001
104409,F,0.001,F,0.019,F,0.001
104410,F,0.180,F,0.116,F,0.290
104413,F,0.001,F,0.001,F,0.001
104414,F,0.001,F,0.001,F,0.001
104416,F,0.001,F,0.001,F,0.001
104420,F,0.035,F,0.001,F,0.095
104424,F,0.001,F,0.001,F,0.001
104425,F,0.001,F,0.001,F,0.001
104426,F,0.035,F,0.001,F,0.001
104427,F,0.028,F,0.038,F,0.001
104428,F,0.324,F,0.001,F,0.244
104429,F,0.047,F,0.011,F,0.201
104430,F,0.001,F,0.001,F,0.001
104431,F,0.001,F,0.019,F,0.001
104433,F,0.001,F,0.001,F,0.001
104434,F,0.028,F,0.018,F,0.290
104435,F,0.169,F,0.019,F,0.001
104436,F,0.047,F,0.010,F,0.201
104439,F,0.091,F,0.019,F,0.178
104441,F,0.213,F,0.010,F,0.001
104442,F,0.119,F,0.001,F,0.001
104443,F,0.152,F,0.018,F,0.001
104444,F,0.001,F,0.001,F,0.001
104445,F,0.157,F,0.011,F,0.001
104447,F,0.028,F,0.010,F,0.242
104448,F,0.119,F,0.010,F,0.095
104450,T,0.512,F,0.038,T,0.884
104453,F,0.119,F,0.010,F,0.201
104454,F,0.001,F,0.018,F,0.001
104463,F,0.001,F,0.114,F,0.201
104464,F,0.047,F,0.018,F,0.001
104467,F,0.157,F,0.011,F,0.001
104468,F,0.047,F,0.001,F,0.001
104472,F,0.180,F,0.010,F,0.333
104473,F,0.324,F,0.010,F,0.001
104474,F,0.028,F,0.001,F,0.001
104476,F,0.324,F,0.001,F,0.104
104477,F,0.180,F,0.250,F,0.001
104480,F,0.001,F,0.001,F,0.001
104485,F,0.167,F,0.001,F,0.001
104486,F,0.035,F,0.001,F,0.018
104487,F,0.167,F,0.019,F,0.001
104488,F,0.167,F,0.010,F,0.012
104492,F,0.167,F,0.010,F,0.244
104494,F,0.022,F,0.011,F,0.001
104501,F,0.001,F,0.001,F,0.001
104503,F,0.028,F,0.019,F,0.001
104505,F,0.001,F,0.001,T,0.884
104506,F,0.016,F,0.001,F,0.001
104508,F,0.389,F,0.010,F,0.001
104510,F,0.167,F,0.010,F,0.001
104513,F,0.157,F,0.011,F,0.104
104515,F,0.001,F,0.001,F,0.001
104519,F,0.324,F,0.250,F,0.030
104520,F,0.016,F,0.001,F,0.001
104521,F,0.001,F,0.001,F,0.001
104523,F,0.459,F,0.051,F,0.001
104525,F,0.160,F,0.018,F,0.290
104527,F,0.459,F,0.051,F,0.001
104531,F,0.180,F,0.051,T,0.610
104533,F,0.028,F,0.001,F,0.001
104534,F,0.132,F,0.010,F,0.201
104535,F,0.001,F,0.019,F,0.178
104536,F,0.035,F,0.001,F,0.001
104541,F,0.167,F,0.018,F,0.350
104544,F,0.047,F,0.001,F,0.001
104545,F,0.180,F,0.018,T,0.610
104547,F,0.364,F,0.051,F,0.430
104548,F,0.167,F,0.018,F,0.201
104550,F,0.001,F,0.001,F,0.018
104552,F,0.324,F,0.114,F,0.201
104555,F,0.001,F,0.010,F,0.001
104556,F,0.028,F,0.018,F,0.001
104560,T,0.512,F,0.051,F,0.290
104561,F,0.176,F,0.116,T,0.884
104564,F,0.001,F,0.010,F,0.012
104567,F,0.152,F,0.018,F,0.290
104568,F,0.132,F,0.011,F,0.012
104569,F,0.001,F,0.019,F,0.178
104570,F,0.389,F,0.010,F,0.001
104571,F,0.152,F,0.018,F,0.001
104572,F,0.091,F,0.019,F,0.001
104573,F,0.001,F,0.114,F,0.426
104574,F,0.160,F,0.018,F,0.290
104575,F,0.022,F,0.051,F,0.095
104576,F,0.001,F,0.019,F,0.001
104578,F,0.176,F,0.019,F,0.001
104580,F,0.324,F,0.001,F,0.001
104581,F,0.132,F,0.011,F,0.001
104582,F,0.169,F,0.001,F,0.095
104587,F,0.001,F,0.001,F,0.001
104588,F,0.047,F,0.019,F,0.001
104589,F,0.091,F,0.001,F,0.001
104595,F,0.001,F,0.010,F,0.333
104596,F,0.001,F,0.011,F,0.001
104597,F,0.035,F,0.140,F,0.001
104598,F,0.370,F,0.140,F,0.333
104600,F,0.001,F,0.250,F,0.001
104604,F,0.132,F,0.011,F,0.201
104607,F,0.370,F,0.010,F,0.001
104609,F,0.001,F,0.019,F,0.178
104611,F,0.047,F,0.019,F,0.001
104614,F,0.001,F,0.019,F,0.001
104615,F,0.001,F,0.019,F,0.001
104616,F,0.091,F,0.001,F,0.001
104617,F,0.370,F,0.116,F,0.001
104619,F,0.001,F,0.019,F,0.001
104620,F,0.083,F,0.051,F,0.426
104622,F,0.016,F,0.140,F,0.104
104623,F,0.157,F,0.051,F,0.001
104624,F,0.001,F,0.010,F,0.201
104631,F,0.047,F,0.001,F,0.104
104634,F,0.022,F,0.114,F,0.001
104637,F,0.001,F,0.250,F,0.001
104640,F,0.370,F,0.140,F,0.333
104644,F,0.035,F,0.001,F,0.001
104646,F,0.028,F,0.001,T,0.990
104648,F,0.167,F,0.010,F,0.012
104650,F,0.047,F,0.001,F,0.001
104651,F,0.001,F,0.001,F,0.001
104652,F,0.028,F,0.010,F,0.001
104655,F,0.001,F,0.010,F,0.350
104656,F,0.167,F,0.019,F,0.178
104661,F,0.001,F,0.001,F,0.001
104665,F,0.459,F,0.051,F,0.430
104666,F,0.001,F,0.001,F,0.001
104667,F,0.389,F,0.018,T,0.610
104670,F,0.016,F,0.001,F,0.001
104671,F,0.167,F,0.010,F,0.242
104672,F,0.121,F,0.010,F,0.001
104673,F,0.001,F,0.001,F,0.018
104676,F,0.001,F,0.001,F,0.001
104678,F,0.160,F,0.010,F,0.001
104679,F,0.001,F,0.011,F,0.001
104680,F,0.001,F,0.019,F,0.001
104684,F,0.001,F,0.001,F,0.001
104685,F,0.016,F,0.019,F,0.001
104686,F,0.028,F,0.001,F,0.001
104689,F,0.083,F,0.010,F,0.076
104691,F,0.047,F,0.011,F,0.201
104697,F,0.083,F,0.010,T,0.990
104703,F,0.160,F,0.010,F,0.001
104704,F,0.119,F,0.059,F,0.201
104707,F,0.160,F,0.010,F,0.001
104708,F,0.167,F,0.140,F,0.095
104713,F,0.028,F,0.010,F,0.333
104716,F,0.001,F,0.001,F,0.001
104717,F,0.091,F,0.019,F,0.001
104719,F,0.001,F,0.019,T,0.990
104721,F,0.001,F,0.001,F,0.001
104722,F,0.167,F,0.051,F,0.350
104723,F,0.167,F,0.019,F,0.030
104725,F,0.022,F,0.051,F,0.001
104729,F,0.001,F,0.001,F,0.001
104730,F,0.028,F,0.001,T,0.990
104731,F,0.001,F,0.010,F,0.001
104732,F,0.001,F,0.001,F,0.350
104736,F,0.389,F,0.010,F,0.242
104738,F,0.160,F,0.010,T,0.990
104739,F,0.157,F,0.010,F,0.244
104741,F,0.047,F,0.019,F,0.030
104745,F,0.213,F,0.116,F,0.001
104746,F,0.119,F,0.011,F,0.001
104748,F,0.047,F,0.010,F,0.012
104751,F,0.132,F,0.011,F,0.001
104753,F,0.119,F,0.001,F,0.001
104754,F,0.047,F,0.001,F,0.001
104755,F,0.001,F,0.001,F,0.001
104756,F,0.001,F,0.019,F,0.001
104758,F,0.001,F,0.001,F,0.018
104759,F,0.001,F,0.019,F,0.001
104761,F,0.324,F,0.001,F,0.001
104763,F,0.091,F,0.001,F,0.178
104768,F,0.047,F,0.018,F,0.430
104769,F,0.022,F,0.051,F,0.076
104771,F,0.091,F,0.001,F,0.001
104772,F,0.001,F,0.001,F,0.001
104776,F,0.091,F,0.038,T,0.990
104778,F,0.001,F,0.010,F,0.201
104779,T,0.512,F,0.018,T,0.610
104780,F,0.364,F,0.051,F,0.001
104788,F,0.001,F,0.001,F,0.001
104790,F,0.167,F,0.010,F,0.001
104791,F,0.001,F,0.001,F,0.001
104797,F,0.167,F,0.051,F,0.012
104798,F,0.169,F,0.001,F,0.001
104800,F,0.035,F,0.011,F,0.001
104802,F,0.364,F,0.010,F,0.001
104803,F,0.121,F,0.010,F,0.001
104804,F,0.167,F,0.010,F,0.350
104805,F,0.047,F,0.010,F,0.001
104809,F,0.001,F,0.001,F,0.001
104815,F,0.001,F,0.001,F,0.201
104818,F,0.016,F,0.001,F,0.001
104819,F,0.091,F,0.001,F,0.001
104821,F,0.180,F,0.140,T,0.990
104823,F,0.091,F,0.010,F,0.001
104825,F,0.001,F,0.001,F,0.001
104826,F,0.167,F,0.051,T,0.884
104827,F,0.364,F,0.010,F,0.244
104829,F,0.083,F,0.010,F,0.244
104833,F,0.001,F,0.010,F,0.201
104834,F,0.176,F,0.001,F,0.001
104838,F,0.001,F,0.018,F,0.333
104843,F,0.001,F,0.010,F,0.350
104845,F,0.001,F,0.019,F,0.001
104846,F,0.001,F,0.001,F,0.178
104847,F,0.001,F,0.011,F,0.001
104848,F,0.152,F,0.018,F,0.290
104851,F,0.001,F,0.011,F,0.104
104852,F,0.157,F,0.018,F,0.076
104853,F,0.324,F,0.019,F,0.001
104855,F,0.169,F,0.019,F,0.201
104856,F,0.047,F,0.059,F,0.178
104858,F,0.180,F,0.038,F,0.333
104859,F,0.324,F,0.001,F,0.001
104862,F,0.180,F,0.018,F,0.290
104865,F,0.047,F,0.001,F,0.001
104867,F,0.152,F,0.038,T,0.610
104868,F,0.001,F,0.010,F,0.001
104871,T,0.512,F,0.051,T,0.610
104872,F,0.119,F,0.010,F,0.001
104874,F,0.132,F,0.018,F,0.001
104876,F,0.028,F,0.010,F,0.242
104879,T,0.512,F,0.038,F,0.201
104880,F,0.160,F,0.018,F,0.201
104881,F,0.001,F,0.019,F,0.001
104882,F,0.001,F,0.116,F,0.001
104883,F,0.047,F,0.001,F,0.001
104886,F,0.167,F,0.114,F,0.001
104888,F,0.001,F,0.010,F,0.001
104890,F,0.091,F,0.019,F,0.001
104891,F,0.324,F,0.010,F,0.001
104892,T,0.512,F,0.051,F,0.290
104895,F,0.001,F,0.019,F,0.001
104899,F,0.001,F,0.011,F,0.001
104902,F,0.047,F,0.010,F,0.001
104905,F,0.119,F,0.001,F,0.201
104906,F,0.001,F,0.018,F,0.001
104907,F,0.047,F,0.038,F,0.001
104908,F,0.001,F,0.001,F,0.201
104911,F,0.132,F,0.010,F,0.012
104912,F,0.016,F,0.001,F,0.001
104913,F,0.001,F,0.018,F,0.201
104914,F,0.389,F,0.011,F,0.350
104915,F,0.001,F,0.001,F,0.018
104916,F,0.001,F,0.001,F,0.201
104921,F,0.389,F,0.250,F,0.430
104922,F,0.324,F,0.001,F,0.178
104924,F,0.324,F,0.001,F,0.001
104925,F,0.047,F,0.001,F,0.001
104928,F,0.001,F,0.019,F,0.001
104929,F,0.001,F,0.019,F,0.001
104931,F,0.167,F,0.114,F,0.012
104932,F,0.001,F,0.001,F,0.001
104933,F,0.035,F,0.001,F,0.001
104935,F,0.001,F,0.019,F,0.001
104936,F,0.132,F,0.001,F,0.001
104939,F,0.157,F,0.018,F,0.430
104940,F,0.180,F,0.018,T,0.610
104941,F,0.160,F,0.010,F,0.201
104942,F,0.459,F,0.140,T,0.610
104943,F,0.167,F,0.010,F,0.012
104947,F,0.119,F,0.001,F,0.018
104948,F,0.180,F,0.018,T,0.610
104949,F,0.001,F,0.010,F,0.104
104950,F,0.169,F,0.001,F,0.001
104954,F,0.132,F,0.051,F,0.290
104957,F,0.119,F,0.001,F,0.001
104958,F,0.119,F,0.001,F,0.001
104960,F,0.001,F,0.001,T,0.990
104961,F,0.001,F,0.001,F,0.001
104963,F,0.047,F,0.001,F,0.001
104967,F,0.028,F,0.010,F,0.242
104971,F,0.167,F,0.010,F,0.001
104972,F,0.047,F,0.001,F,0.001
104973,F,0.001,F,0.001,F,0.001
104974,F,0.324,F,0.001,F,0.350
104975,F,0.324,F,0.001,F,0.018
104976,F,0.167,F,0.051,T,0.884
104977,T,0.512,F,0.018,T,0.610
104978,F,0.035,F,0.001,F,0.001
104979,F,0.047,F,0.001,F,0.001
104980,F,0.119,F,0.001,F,0.001
104986,F,0.047,F,0.001,F,0.001
104989,F,0.001,F,0.019,F,0.001
104992,F,0.160,F,0.114,F,0.201
104993,F,0.132,F,0.011,F,0.001
104996,F,0.001,F,0.001,F,0.201
104997,F,0.169,F,0.010,F,0.001
104999,F,0.047,F,0.001,F,0.001
105000,F,0.180,F,0.038,F,0.290
105004,F,0.091,F,0.001,F,0.104
105005,F,0.459,F,0.051,F,0.290
105006,F,0.160,F,0.011,F,0.001
105007,F,0.167,F,0.019,F,0.001
105009,F,0.001,F,0.001,F,0.001
105010,T,0.512,F,0.038,T,0.884
105018,F,0.001,F,0.001,F,0.018
105019,F,0.001,F,0.010,F,0.001
105020,F,0.324,F,0.001,F,0.001
105023,F,0.001,F,0.010,F,0.001
105025,F,0.047,F,0.010,F,0.095
105026,F,0.213,F,0.001,F,0.001
105027,F,0.132,F,0.116,F,0.076
105029,F,0.001,F,0.001,F,0.001
105030,F,0.324,F,0.001,T,0.990
105031,F,0.047,F,0.001,F,0.001
105032,F,0.001,F,0.001,F,0.201
105033,F,0.152,F,0.018,F,0.426
105035,F,0.001,F,0.019,F,0.001
105036,F,0.035,F,0.001,F,0.001
105038,F,0.167,F,0.010,F,0.001
105040,F,0.213,F,0.001,F,0.001
105041,F,0.001,F,0.019,F,0.001
105043,F,0.047,F,0.010,F,0.201
105045,F,0.001,F,0.010,F,0.001
105048,F,0.364,F,0.051,F,0.001
105049,F,0.132,F,0.010,F,0.001
105052,F,0.167,F,0.051,F,0.430
105054,F,0.001,F,0.019,F,0.001
105055,F,0.213,F,0.116,F,0.426
105057,F,0.132,F,0.001,T,0.990
105058,F,0.001,F,0.001,F,0.001
105059,F,0.167,F,0.010,F,0.001
105061,F,0.001,F,0.001,F,0.178
105063,F,0.121,F,0.019,F,0.001
105065,F,0.001,F,0.019,F,0.001
105067,F,0.047,F,0.001,F,0.001
105068,F,0.213,F,0.250,F,0.426
105071,F,0.213,F,0.018,F,0.001
105073,F,0.047,F,0.001,F,0.001
105076,F,0.160,F,0.010,F,0.001
105077,F,0.047,F,0.019,F,0.001
105078,F,0.083,F,0.001,F,0.018
105084,F,0.001,F,0.001,F,0.201
105090,F,0.001,F,0.019,F,0.001
105092,F,0.047,F,0.001,F,0.001
105093,F,0.047,F,0.011,F,0.242
105095,F,0.047,F,0.011,F,0.350
105097,F,0.047,F,0.001,F,0.201
105098,F,0.001,F,0.010,F,0.201
105100,F,0.119,F,0.011,F,0.001
105102,F,0.160,F,0.010,F,0.095
105104,F,0.132,F,0.010,F,0.076
105106,F,0.167,F,0.010,F,0.001
105108,F,0.001,F,0.001,F,0.030
105109,F,0.160,F,0.018,T,0.884
105111,F,0.047,F,0.001,F,0.178
105113,F,0.001,F,0.001,F,0.001
105115,F,0.028,F,0.010,F,0.001
105116,F,0.169,F,0.001,F,0.001
105117,F,0.213,F,0.018,F,0.290
105118,F,0.001,F,0.001,F,0.001
105119,F,0.132,F,0.011,F,0.001
105120,F,0.047,F,0.019,F,0.001
105122,F,0.001,F,0.001,F,0.001
105124,F,0.213,F,0.018,F,0.290
105127,F,0.160,F,0.114,F,0.001
105128,F,0.167,F,0.018,F,0.242
105129,F,0.035,F,0.010,F,0.201
105131,F,0.001,F,0.001,F,0.001
105135,F,0.022,F,0.114,F,0.201
105137,F,0.169,F,0.019,F,0.001
105138,F,0.001,F,0.001,F,0.001
105141,F,0.167,F,0.001,F,0.001
105142,F,0.001,F,0.011,T,0.884
105143,F,0.119,F,0.019,T,0.990
105144,F,0.160,F,0.010,F,0.076
105145,F,0.167,F,0.010,F,0.001
105152,F,0.028,F,0.010,F,0.201
105153,F,0.119,F,0.001,F,0.001
105154,F,0.035,F,0.001,F,0.001
105156,F,0.167,F,0.114,F,0.001
105160,F,0.160,F,0.018,F,0.430
105161,F,0.324,F,0.019,F,0.018
105163,F,0.001,F,0.001,F,0.001
105164,F,0.001,F,0.001,F,0.001
105167,F,0.083,F,0.001,F,0.244
105170,F,0.083,F,0.018,F,0.426
105171,F,0.167,F,0.010,F,0.244
105173,F,0.160,F,0.250,T,0.990
105179,F,0.035,F,0.001,F,0.001
105185,F,0.213,F,0.116,F,0.430
105188,F,0.132,F,0.116,F,0.430
105190,F,0.167,F,0.114,T,0.884
105191,F,0.160,F,0.010,F,0.001
105192,F,0.047,F,0.001,F,0.018
105193,F,0.001,F,0.019,F,0.001
105194,F,0.119,F,0.001,F,0.201
105195,F,0.180,F,0.010,F,0.001
105201,F,0.028,F,0.059,F,0.333
105202,F,0.167,F,0.019,F,0.018
105203,F,0.001,F,0.019,F,0.001
105204,F,0.157,F,0.011,F,0.001
105206,F,0.180,F,0.038,F,0.426
105207,F,0.169,F,0.001,F,0.018
105209,F,0.022,F,0.038,F,0.350
105210,F,0.176,F,0.001,T,0.990
105211,F,0.001,F,0.019,F,0.104
105212,F,0.389,F,0.010,T,0.610
105214,F,0.001,F,0.018,T,0.884
105216,F,0.083,F,0.010,F,0.350
105218,F,0.001,F,0.019,F,0.001
105221,F,0.001,F,0.019,F,0.201
105222,F,0.001,F,0.010,F,0.001
105224,F,0.001,F,0.001,F,0.001
105228,F,0.047,F,0.001,F,0.001
105230,F,0.001,F,0.011,F,0.001
105231,F,0.160,F,0.011,F,0.104
105232,F,0.047,F,0.059,F,0.001
105236,F,0.119,F,0.001,F,0.104
105237,F,0.047,F,0.001,F,0.018
105244,F,0.370,F,0.051,F,0.426
105245,F,0.180,F,0.018,F,0.426
105246,F,0.167,F,0.001,F,0.001
105247,F,0.028,F,0.010,F,0.012
105253,F,0.047,F,0.010,F,0.350
105257,F,0.001,F,0.001,F,0.001
105258,F,0.324,F,0.001,T,0.990
105260,F,0.132,F,0.010,F,0.076
105262,F,0.167,F,0.010,F,0.001
105264,F,0.160,F,0.018,F,0.242
105268,F,0.157,F,0.011,F,0.001
105269,F,0.324,F,0.001,F,0.001
105270,F,0.001,F,0.001,F,0.001
105274,F,0.160,F,0.010,T,0.884
105275,F,0.167,F,0.051,F,0.242
105276,F,0.121,F,0.001,F,0.001
105277,F,0.001,F,0.010,F,0.001
105278,F,0.001,F,0.010,F,0.018
105279,F,0.132,F,0.051,F,0.430
105281,F,0.047,F,0.019,F,0.001
105285,F,0.091,F,0.001,F,0.001
105287,F,0.364,F,0.010,F,0.076
105289,F,0.001,F,0.010,F,0.001
105294,F,0.047,F,0.010,T,0.990
105296,F,0.001,F,0.010,F,0.001
105297,F,0.016,F,0.001,F,0.001
105298,F,0.091,F,0.001,F,0.001
105299,F,0.001,F,0.019,F,0.242
105300,F,0.001,F,0.001,F,0.178
105301,F,0.001,F,0.001,F,0.001
105303,F,0.001,F,0.001,F,0.018
105304,F,0.001,F,0.001,F,0.001
105307,F,0.047,F,0.011,F,0.104
105310,F,0.091,F,0.001,F,0.001
105312,F,0.132,F,0.038,F,0.430
105314,F,0.001,F,0.140,F,0.001
105317,T,0.512,F,0.018,F,0.333
105318,F,0.091,F,0.001,F,0.001
105319,F,0.001,F,0.001,F,0.001
105322,F,0.047,F,0.011,F,0.001
105323,F,0.167,F,0.116,F,0.430
105324,F,0.001,F,0.010,F,0.242
105325,F,0.167,F,0.010,F,0.244
105326,F,0.132,F,0.001,F,0.001
105329,F,0.047,F,0.019,F,0.001
105331,F,0.001,F,0.114,F,0.001
105334,F,0.119,F,0.001,F,0.018
105335,F,0.132,F,0.018,T,0.884
105337,F,0.001,F,0.001,F,0.001
105339,F,0.047,F,0.001,F,0.001
105342,F,0.001,F,0.010,T,0.884
105344,F,0.001,F,0.019,F,0.001
105345,F,0.119,F,0.001,F,0.018
105348,F,0.001,F,0.001,F,0.001
105350,F,0.169,F,0.010,F,0.001
105352,F,0.001,F,0.001,F,0.001
105353,F,0.047,F,0.010,F,0.350
105355,F,0.157,F,0.011,F,0.001
105356,F,0.119,F,0.001,F,0.001
105357,F,0.001,F,0.010,F,0.001
105358,F,0.167,F,0.018,F,0.012
105360,F,0.047,F,0.010,F,0.001
105361,F,0.213,F,0.116,T,0.990
105366,F,0.001,F,0.001,F,0.201
105367,F,0.157,F,0.010,F,0.001
105368,F,0.083,F,0.114,F,0.290
105371,F,0.001,F,0.019,F,0.178
105372,F,0.047,F,0.019,F,0.001
105376,T,0.512,F,0.038,F,0.290
105377,F,0.047,F,0.001,F,0.018
105379,F,0.157,F,0.010,F,0.001
105382,F,0.132,F,0.010,F,0.242
105384,F,0.001,F,0.001,F,0.001
105385,F,0.047,F,0.001,F,0.001
105386,F,0.324,F,0.001,F,0.001
105389,F,0.047,F,0.010,F,0.001
105390,F,0.047,F,0.001,F,0.030
105391,F,0.132,F,0.010,F,0.012
105395,F,0.459,F,0.051,F,0.001
105396,F,0.167,F,0.018,F,0.430
105397,F,0.001,F,0.001,F,0.001
105400,F,0.001,F,0.019,F,0.001
105402,F,0.001,F,0.001,F,0.018
105406,F,0.001,F,0.019,F,0.001
105407,F,0.047,F,0.010,F,0.001
105408,F,0.001,F,0.019,F,0.001
105409,F,0.176,F,0.001,F,0.001
105411,F,0.001,F,0.019,F,0.104
105413,F,0.001,F,0.001,F,0.001
105414,F,0.160,F,0.010,F,0.001
105415,F,0.047,F,0.001,F,0.001
105419,F,0.001,F,0.019,T,0.990
105420,F,0.167,F,0.010,F,0.012
105422,F,0.132,F,0.010,F,0.001
105423,F,0.157,F,0.010,F,0.076
105427,F,0.180,F,0.038,F,0.426
105429,F,0.001,F,0.001,F,0.001
105431,F,0.091,F,0.114,F,0.001
105432,F,0.001,F,0.001,F,0.001
105433,F,0.083,F,0.001,F,0.001
105435,F,0.001,F,0.001,F,0.001
105436,F,0.047,F,0.051,F,0.201
105439,F,0.119,F,0.001,F,0.001
105440,F,0.028,F,0.010,F,0.350
105441,F,0.167,F,0.114,F,0.201
105443,F,0.001,F,0.019,F,0.178
105444,F,0.047,F,0.018,F,0.104
105447,F,0.364,F,0.011,F,0.076
105448,F,0.016,F,0.001,T,0.990
105451,F,0.213,F,0.019,F,0.001
105452,F,0.001,F,0.001,F,0.001
105453,F,0.132,F,0.010,T,0.990
105456,F,0.167,F,0.051,F,0.244
105458,F,0.001,F,0.001,F,0.001
105460,F,0.001,F,0.001,F,0.001
105461,F,0.180,F,0.018,F,0.333
105462,F,0.132,F,0.001,F,0.201
105464,F,0.167,F,0.010,F,0.244
105465,F,0.001,F,0.019,F,0.001
105468,T,0.512,F,0.018,T,0.610
105469,F,0.001,F,0.019,F,0.001
105471,F,0.001,F,0.001,F,0.001
105472,F,0.047,F,0.011,F,0.001
105473,F,0.001,F,0.019,F,0.001
105474,F,0.001,F,0.019,F,0.018
105476,F,0.091,F,0.019,F,0.001
105477,F,0.160,F,0.018,F,0.201
105479,F,0.001,F,0.114,F,0.001
105481,F,0.001,F,0.001,F,0.001
105484,F,0.132,F,0.010,T,0.990
105485,F,0.047,F,0.140,F,0.001
105487,F,0.167,F,0.010,F,0.001
105488,F,0.001,F,0.001,F,0.001
105489,F,0.035,F,0.001,F,0.001
105493,F,0.047,F,0.001,F,0.178
105494,F,0.324,F,0.001,F,0.001
105495,F,0.001,F,0.001,F,0.018
105497,F,0.047,F,0.001,F,0.001
105498,F,0.180,F,0.051,T,0.610
105505,F,0.324,F,0.019,F,0.178
105508,F,0.167,F,0.114,F,0.178
105514,F,0.459,F,0.051,F,0.001
105515,F,0.047,F,0.001,F,0.001
105516,F,0.167,F,0.018,T,0.884
105517,F,0.167,F,0.019,F,0.018
105519,F,0.324,F,0.001,F,0.001
105520,F,0.001,F,0.019,F,0.001
105521,F,0.364,F,0.010,F,0.076
105523,F,0.001,F,0.010,T,0.884
105524,F,0.119,F,0.001,F,0.001
105525,F,0.324,F,0.001,F,0.001
105529,F,0.160,F,0.010,F,0.001
105530,F,0.001,F,0.010,F,0.001
105533,F,0.001,F,0.038,F,0.001
105539,F,0.180,F,0.051,F,0.426
105541,F,0.389,F,0.010,F,0.095
105544,F,0.001,F,0.019,F,0.001
105545,F,0.213,F,0.011,F,0.076
105547,F,0.132,F,0.010,F,0.201
105549,F,0.028,F,0.011,F,0.001
105551,F,0.121,F,0.001,F,0.001
105552,F,0.459,F,0.051,F,0.290
105553,F,0.001,F,0.140,F,0.333
105556,F,0.180,F,0.018,F,0.333
105557,F,0.022,F,0.010,F,0.001
105559,F,0.016,F,0.001,F,0.001
105560,F,0.001,F,0.011,F,0.001
105562,F,0.022,F,0.010,T,0.990
105565,F,0.324,F,0.001,F,0.001
105566,F,0.083,F,0.250,F,0.350
105568,F,0.001,F,0.116,F,0.001
105569,F,0.001,F,0.019,F,0.001
105570,F,0.176,F,0.011,F,0.104
105571,F,0.001,F,0.001,F,0.001
105576,F,0.047,F,0.116,F,0.001
105577,F,0.001,F,0.001,T,0.990
105578,F,0.047,F,0.001,F,0.001
105581,F,0.022,F,0.250,F,0.244
105584,F,0.047,F,0.250,F,0.242
105587,F,0.157,F,0.010,F,0.350
105590,F,0.001,F,0.001,F,0.001
105592,F,0.035,F,0.011,F,0.095
105594,F,0.035,F,0.001,T,0.990
105596,F,0.213,F,0.051,F,0.426
105598,F,0.213,F,0.116,T,0.610
105600,F,0.028,F,0.010,F,0.001
105610,F,0.001,F,0.114,F,0.018
105611,F,0.459,F,0.051,F,0.430
105612,F,0.035,F,0.001,F,0.001
105615,F,0.035,F,0.011,F,0.001
105620,F,0.121,F,0.001,F,0.001
105621,F,0.160,F,0.010,F,0.095
105622,F,0.035,F,0.001,F,0.350
105624,F,0.213,F,0.010,T,0.990
105625,F,0.180,F,0.051,F,0.290
105627,F,0.001,F,0.010,F,0.001
105628,F,0.119,F,0.059,T,0.884
105629,F,0.167,F,0.018,F,0.430
105633,F,0.001,F,0.019,F,0.012
105639,F,0.001,F,0.001,T,0.884
105640,F,0.167,F,0.018,F,0.001
105641,F,0.167,F,0.038,F,0.430
105642,F,0.370,F,0.018,F,0.333
105644,F,0.132,F,0.001,F,0.201
105648,F,0.001,F,0.019,F,0.001
105650,F,0.160,F,0.018,T,0.610
105656,F,0.001,F,0.001,F,0.201
105658,F,0.370,F,0.116,F,0.290
105661,F,0.001,F,0.038,F,0.001
105663,F,0.001,F,0.001,T,0.884
105665,F,0.167,F,0.010,F,0.001
105666,F,0.324,F,0.001,F,0.001
105667,F,0.152,F,0.140,F,0.290
105668,F,0.047,F,0.001,F,0.001
105669,F,0.001,F,0.001,F,0.001
105671,F,0.160,F,0.010,F,0.350
105674,F,0.001,F,0.019,F,0.001
105676,F,0.167,F,0.010,T,0.884
105677,F,0.324,F,0.001,F,0.001
105679,F,0.121,F,0.019,F,0.001
105682,F,0.324,F,0.001,F,0.001
105684,F,0.132,F,0.010,F,0.201
105687,F,0.001,F,0.010,F,0.001
105688,F,0.160,F,0.010,F,0.242
105689,F,0.001,F,0.001,F,0.001
105691,F,0.047,F,0.001,T,0.990
105699,F,0.167,F,0.019,F,0.001
105700,F,0.047,F,0.001,F,0.001
105703,F,0.001,F,0.001,F,0.001
105704,F,0.028,F,0.051,F,0.001
105706,F,0.176,F,0.019,F,0.001
105707,F,0.001,F,0.001,F,0.001
105708,F,0.180,F,0.051,F,0.426
105709,F,0.001,F,0.019,F,0.178
105710,F,0.035,F,0.001,F,0.001
105716,F,0.001,F,0.010,F,0.001
105718,F,0.001,F,0.001,F,0.001
105719,F,0.091,F,0.001,F,0.201
105725,F,0.180,F,0.018,F,0.290
105727,F,0.047,F,0.001,F,0.001
105729,F,0.132,F,0.010,F,0.001
105730,F,0.157,F,0.010,F,0.001
105734,F,0.001,F,0.019,F,0.001
105735,F,0.001,F,0.001,F,0.012
105737,F,0.001,F,0.019,F,0.178
105739,F,0.132,F,0.018,F,0.012
105740,T,0.512,F,0.018,F,0.001
105741,F,0.001,F,0.010,F,0.001
105742,F,0.152,F,0.018,T,0.884
105743,F,0.001,F,0.001,F,0.001
105744,F,0.167,F,0.018,F,0.001
105745,F,0.370,F,0.051,F,0.001
105746,F,0.047,F,0.001,F,0.001
105747,F,0.180,F,0.051,T,0.610
105748,F,0.132,F,0.116,F,0.430
105749,F,0.169,F,0.019,F,0.001
105750,F,0.001,F,0.001,F,0.001
105753,F,0.047,F,0.010,F,0.001
105755,F,0.459,F,0.051,T,0.610
105759,F,0.001,F,0.116,F,0.001
105760,F,0.001,F,0.140,F,0.001
105762,F,0.160,F,0.018,F,0.001
105763,F,0.016,F,0.001,F,0.001
105764,F,0.016,F,0.001,F,0.178
105768,F,0.047,F,0.018,F,0.001
105770,F,0.047,F,0.001,F,0.018
105771,F,0.001,F,0.001,F,0.001
105773,F,0.001,F,0.001,F,0.018
105778,F,0.180,F,0.116,T,0.884
105780,F,0.180,F,0.140,F,0.426
105781,F,0.324,F,0.001,F,0.001
105785,F,0.160,F,0.010,F,0.001
105786,F,0.001,F,0.010,F,0.201
105789,F,0.324,F,0.001,F,0.001
105790,F,0.028,F,0.001,F,0.104
105792,F,0.167,F,0.114,T,0.884
105796,F,0.167,F,0.051,F,0.001
105798,F,0.001,F,0.001,F,0.201
105799,F,0.121,F,0.019,F,0.001
105805,F,0.001,F,0.001,F,0.001
105806,F,0.121,F,0.001,F,0.178
105807,F,0.167,F,0.019,F,0.001
105809,F,0.370,F,0.140,T,0.610
105810,F,0.047,F,0.010,F,0.001
105812,F,0.001,F,0.001,F,0.001
105813,F,0.119,F,0.011,F,0.012
105814,F,0.001,F,0.001,F,0.001
105816,F,0.001,F,0.010,F,0.104
105817,F,0.001,F,0.001,F,0.001
105819,F,0.091,F,0.001,F,0.012
105820,F,0.213,F,0.018,F,0.426
105824,F,0.160,F,0.011,T,0.884
105829,F,0.001,F,0.019,T,0.990
105831,F,0.001,F,0.001,F,0.001
105838,F,0.152,F,0.018,F,0.426
105839,F,0.091,F,0.011,F,0.001
105840,F,0.091,F,0.011,F,0.001
105841,F,0.132,F,0.140,F,0.076
105842,F,0.001,F,0.019,F,0.001
105847,F,0.047,F,0.001,F,0.001
105849,F,0.001,F,0.001,F,0.001
105851,F,0.001,F,0.001,F,0.018
105852,F,0.389,F,0.018,F,0.244
105853,F,0.016,F,0.001,F,0.001
105854,F,0.169,F,0.001,F,0.001
105856,F,0.001,F,0.019,F,0.076
105859,F,0.157,F,0.011,F,0.001
105860,F,0.035,F,0.001,T,0.990
105861,F,0.016,F,0.001,F,0.001
105862,F,0.132,F,0.001,F,0.001
105863,T,0.512,F,0.051,T,0.610
105865,F,0.001,F,0.001,F,0.001
105868,F,0.180,F,0.018,F,0.290
105870,F,0.157,F,0.011,F,0.001
105872,F,0.001,F,0.001,F,0.001
105873,F,0.132,F,0.001,F,0.001
105875,F,0.119,F,0.001,F,0.012
105876,F,0.016,F,0.011,F,0.012
105882,F,0.047,F,0.010,F,0.201
105884,F,0.028,F,0.018,F,0.201
105886,F,0.001,F,0.001,F,0.001
105887,F,0.047,F,0.010,F,0.201
105888,F,0.016,F,0.001,F,0.001
105889,F,0.169,F,0.019,F,0.001
105890,F,0.121,F,0.001,T,0.990
105891,F,0.001,F,0.001,F,0.001
105892,F,0.132,F,0.010,F,0.001
105893,F,0.167,F,0.051,F,0.350
105896,F,0.157,F,0.010,F,0.012
105897,F,0.091,F,0.001,F,0.001
105898,F,0.001,F,0.019,F,0.001
105899,F,0.001,F,0.001,F,0.104
105907,F,0.324,F,0.019,F,0.104
105909,F,0.001,F,0.114,F,0.012
105910,F,0.364,F,0.051,F,0.244
105911,F,0.324,F,0.010,F,0.001
105913,F,0.047,F,0.001,F,0.001
105915,F,0.001,F,0.018,F,0.333
105916,F,0.132,F,0.018,F,0.001
105920,F,0.160,F,0.010,F,0.001
105925,F,0.091,F,0.001,F,0.001
105931,F,0.035,F,0.001,F,0.001
105933,F,0.001,F,0.019,F,0.001
105935,F,0.370,F,0.116,F,0.426
105938,F,0.370,F,0.116,F,0.426
105939,F,0.022,F,0.010,F,0.290
105940,F,0.001,F,0.019,F,0.001
105941,F,0.176,F,0.011,F,0.201
105942,F,0.119,F,0.001,F,0.001
105944,F,0.389,F,0.051,F,0.350
105945,F,0.119,F,0.001,F,0.018
105946,F,0.160,F,0.010,F,0.001
105948,F,0.132,F,0.018,F,0.001
105950,F,0.324,F,0.038,F,0.001
105951,F,0.047,F,0.038,F,0.350
105952,F,0.167,F,0.001,F,0.018
105953,F,0.047,F,0.001,T,0.884
105959,F,0.001,F,0.019,F,0.001
105960,F,0.035,F,0.001,F,0.001
105962,F,0.167,F,0.051,F,0.095
105964,F,0.047,F,0.011,F,0.001
105965,F,0.047,F,0.059,F,0.018
105966,F,0.047,F,0.001,F,0.178
105967,F,0.157,F,0.011,F,0.001
105970,F,0.167,F,0.010,F,0.001
105972,F,0.001,F,0.001,F,0.201
105974,F,0.132,F,0.051,F,0.001
105978,F,0.157,F,0.018,F,0.001
